subvolume_size,patch_size,n_layers,d_model,d_ff,n_heads,d_encoder,lr,modelsize,completed,msg,dice_val_avg,logdir
128,16,4,64,32,8,64,0.0005,1.8188819885253906,True,Completed,0.670379861405021,logs/3DVit_e100_gmwm_sv128_546909f1-e807-45b8-8180-56f5c5b6ef8e
128,16,4,64,32,8,64,0.0005,1.8188819885253906,True,Completed,0.6746592772634405,logs/3DVit_e100_gmwm_sv128_546909f1-e807-45b8-8180-56f5c5b6ef8e
128,16,8,128,64,64,128,0.0005,7.518589019775391,True,Completed,0.6748477847952592,logs/3DVit_e100_gmwm_sv128_8d5db215-95fc-40cd-98aa-824c89a6a03f
128,16,8,32,128,32,32,0.0005,1.3513526916503906,True,Completed,0.6726528319873307,logs/3DVit_e100_gmwm_sv128_9c914cd6-8fc8-481e-9b3c-9776250e4988
128,16,8,128,64,64,128,0.0005,7.518589019775391,True,Completed,0.671345837022129,logs/3DVit_e100_gmwm_sv128_8d5db215-95fc-40cd-98aa-824c89a6a03f
128,16,4,64,32,8,64,0.0005,1.8188819885253906,True,Completed,0.670894953765367,logs/3DVit_e100_gmwm_sv128_546909f1-e807-45b8-8180-56f5c5b6ef8e
128,16,8,64,32,4,64,0.0005,2.4624366760253906,True,Completed,0.67096063337828,logs/3DVit_e100_gmwm_sv128_38bb37fd-13d7-488a-85ce-a31acc4ddfd0
128,16,4,32,16,8,32,0.0005,0.7414894104003906,True,Completed,0.6728234549886302,logs/3DVit_e100_gmwm_sv128_8d70cb67-d6d2-471f-b028-a59aacdceec9
128,16,8,32,128,32,32,0.0005,1.3513526916503906,True,Completed,0.6704284893838981,logs/3DVit_e100_gmwm_sv128_9c914cd6-8fc8-481e-9b3c-9776250e4988
128,16,8,128,64,64,128,0.0005,7.518589019775391,True,Completed,0.6711525626872716,logs/3DVit_e100_gmwm_sv128_8d5db215-95fc-40cd-98aa-824c89a6a03f
128,16,4,64,32,8,64,0.0005,1.8188819885253906,True,Completed,0.6704578878063905,logs/3DVit_e100_gmwm_sv128_546909f1-e807-45b8-8180-56f5c5b6ef8e
128,16,8,128,64,64,128,0.0005,7.518589019775391,True,Completed,0.6725668271905496,logs/3DVit_e100_gmwm_sv128_8d5db215-95fc-40cd-98aa-824c89a6a03f
128,16,8,64,32,4,64,0.0005,2.4624366760253906,True,Completed,0.6703823451933107,logs/3DVit_e100_gmwm_sv128_38bb37fd-13d7-488a-85ce-a31acc4ddfd0
128,16,8,32,128,32,32,0.0005,1.3513526916503906,True,Completed,0.6711874714023187,logs/3DVit_e100_gmwm_sv128_9c914cd6-8fc8-481e-9b3c-9776250e4988
128,16,8,64,8,32,64,0.0005,2.2734718322753906,True,Completed,0.6701472966294537,logs/3DVit_e100_gmwm_sv128_fa375d3d-1f87-4ea1-ac73-708d7f32895e
128,16,4,64,32,8,64,0.0005,1.8188819885253906,True,Completed,0.6724525195987601,logs/3DVit_e100_gmwm_sv128_546909f1-e807-45b8-8180-56f5c5b6ef8e
128,16,8,32,16,4,32,0.0005,0.9070167541503906,True,Completed,0.6701929051625098,logs/3DVit_e100_gmwm_sv128_56f9c345-ccad-438b-a87a-41e86c0a3a30
128,16,4,32,16,8,32,0.0005,0.7414894104003906,True,Completed,0.6709061406160656,logs/3DVit_e100_gmwm_sv128_8d70cb67-d6d2-471f-b028-a59aacdceec9
128,16,8,64,32,4,64,0.0005,2.4624366760253906,True,Completed,0.6725960617002689,logs/3DVit_e100_gmwm_sv128_38bb37fd-13d7-488a-85ce-a31acc4ddfd0
128,16,8,32,128,32,32,0.0005,1.3513526916503906,True,Completed,0.670003461210351,logs/3DVit_e100_gmwm_sv128_9c914cd6-8fc8-481e-9b3c-9776250e4988
128,16,4,64,32,8,64,0.0005,1.8188819885253906,True,Completed,0.6741756577240793,logs/3DVit_e100_gmwm_sv128_546909f1-e807-45b8-8180-56f5c5b6ef8e
128,16,8,128,64,64,128,0.0005,7.518589019775391,True,Completed,0.6707867564339387,logs/3DVit_e100_gmwm_sv128_8d5db215-95fc-40cd-98aa-824c89a6a03f
128,16,4,32,16,8,32,0.0005,0.7414894104003906,True,Completed,0.6706903702334351,logs/3DVit_e100_gmwm_sv128_8d70cb67-d6d2-471f-b028-a59aacdceec9
128,16,8,32,16,4,32,0.0005,0.9070167541503906,True,Completed,0.6707014143466951,logs/3DVit_e100_gmwm_sv128_56f9c345-ccad-438b-a87a-41e86c0a3a30
128,16,4,64,32,8,64,0.0005,1.8188819885253906,True,Completed,0.6732983855824719,logs/3DVit_e100_gmwm_sv128_546909f1-e807-45b8-8180-56f5c5b6ef8e
128,16,8,128,64,64,128,0.0005,7.518589019775391,True,Completed,0.6750740165773192,logs/3DVit_e100_gmwm_sv128_8d5db215-95fc-40cd-98aa-824c89a6a03f
128,16,8,32,128,32,32,0.0005,1.3513526916503906,True,Completed,0.6730044460610342,logs/3DVit_e100_gmwm_sv128_9c914cd6-8fc8-481e-9b3c-9776250e4988
128,16,8,64,8,32,64,0.0005,2.2734718322753906,True,Completed,0.6715293495278607,logs/3DVit_e100_gmwm_sv128_fa375d3d-1f87-4ea1-ac73-708d7f32895e
128,16,8,128,64,64,128,0.0005,7.518589019775391,True,Completed,0.6739891053814637,logs/3DVit_e100_gmwm_sv128_8d5db215-95fc-40cd-98aa-824c89a6a03f
128,16,8,32,16,4,32,0.0005,0.9070167541503906,True,Completed,0.6728369601463017,logs/3DVit_e100_gmwm_sv128_56f9c345-ccad-438b-a87a-41e86c0a3a30
128,16,8,64,32,4,64,0.0005,2.4624366760253906,True,Completed,0.673640317038486,logs/3DVit_e100_gmwm_sv128_38bb37fd-13d7-488a-85ce-a31acc4ddfd0
128,16,8,32,128,32,32,0.0005,1.3513526916503906,True,Completed,0.6721258037968687,logs/3DVit_e100_gmwm_sv128_9c914cd6-8fc8-481e-9b3c-9776250e4988
128,16,4,64,32,8,64,0.0005,1.8188819885253906,True,Completed,0.6744965071740902,logs/3DVit_e100_gmwm_sv128_546909f1-e807-45b8-8180-56f5c5b6ef8e
128,16,8,64,8,32,64,0.0005,2.2734718322753906,True,Completed,0.6711876933511933,logs/3DVit_e100_gmwm_sv128_fa375d3d-1f87-4ea1-ac73-708d7f32895e
128,16,8,32,16,4,32,0.0005,0.9070167541503906,True,Completed,0.6713096868050725,logs/3DVit_e100_gmwm_sv128_56f9c345-ccad-438b-a87a-41e86c0a3a30
128,16,8,64,32,4,64,0.0005,2.4624366760253906,True,Completed,0.6727284938096999,logs/3DVit_e100_gmwm_sv128_38bb37fd-13d7-488a-85ce-a31acc4ddfd0
128,16,4,16,8,16,16,0.0005,0.3287696838378906,True,Completed,0.670626699924469,logs/3DVit_e100_gmwm_sv128_57a6b034-4018-4042-a012-8b8a56d9b72e
128,16,8,128,64,64,128,0.0005,7.518589019775391,True,Completed,0.6713303947135022,logs/3DVit_e100_gmwm_sv128_8d5db215-95fc-40cd-98aa-824c89a6a03f
128,16,8,32,128,32,32,0.0005,1.3513526916503906,True,Completed,0.6735859121146957,logs/3DVit_e100_gmwm_sv128_9c914cd6-8fc8-481e-9b3c-9776250e4988
128,16,4,32,16,8,32,0.0005,0.7414894104003906,True,Completed,0.6732548145871416,logs/3DVit_e100_gmwm_sv128_8d70cb67-d6d2-471f-b028-a59aacdceec9
128,16,8,64,8,32,64,0.0005,2.2734718322753906,True,Completed,0.6702569197667272,logs/3DVit_e100_gmwm_sv128_fa375d3d-1f87-4ea1-ac73-708d7f32895e
128,16,8,128,64,64,128,0.0005,7.518589019775391,True,Completed,0.6705553076769178,logs/3DVit_e100_gmwm_sv128_8d5db215-95fc-40cd-98aa-824c89a6a03f
128,16,8,32,128,32,32,0.0005,1.3513526916503906,True,Completed,0.670398401586633,logs/3DVit_e100_gmwm_sv128_9c914cd6-8fc8-481e-9b3c-9776250e4988
128,16,8,64,32,4,64,0.0005,2.4624366760253906,True,Completed,0.670514904354748,logs/3DVit_e100_gmwm_sv128_38bb37fd-13d7-488a-85ce-a31acc4ddfd0
128,16,4,16,8,16,16,0.0005,0.3287696838378906,True,Completed,0.6745645317592119,logs/3DVit_e100_gmwm_sv128_57a6b034-4018-4042-a012-8b8a56d9b72e
128,16,4,64,32,8,64,0.0005,1.8188819885253906,True,Completed,0.6744368891966971,logs/3DVit_e100_gmwm_sv128_546909f1-e807-45b8-8180-56f5c5b6ef8e
128,16,8,64,8,32,64,0.0005,2.2734718322753906,True,Completed,0.6706892926441997,logs/3DVit_e100_gmwm_sv128_fa375d3d-1f87-4ea1-ac73-708d7f32895e
128,16,8,128,64,64,128,0.0005,7.518589019775391,True,Completed,0.6731018337764241,logs/3DVit_e100_gmwm_sv128_8d5db215-95fc-40cd-98aa-824c89a6a03f
128,16,8,32,16,4,32,0.0005,0.9070167541503906,True,Completed,0.6728904553149876,logs/3DVit_e100_gmwm_sv128_56f9c345-ccad-438b-a87a-41e86c0a3a30
128,16,8,32,128,32,32,0.0005,1.3513526916503906,True,Completed,0.6706523620768599,logs/3DVit_e100_gmwm_sv128_9c914cd6-8fc8-481e-9b3c-9776250e4988
128,16,8,64,32,4,64,0.0005,2.4624366760253906,True,Completed,0.6712048014527874,logs/3DVit_e100_gmwm_sv128_38bb37fd-13d7-488a-85ce-a31acc4ddfd0
128,16,4,16,8,16,16,0.0005,0.3287696838378906,True,Completed,0.6702008412072531,logs/3DVit_e100_gmwm_sv128_57a6b034-4018-4042-a012-8b8a56d9b72e
128,16,4,64,32,8,64,0.0005,1.8188819885253906,True,Completed,0.6741644559722197,logs/3DVit_e100_gmwm_sv128_546909f1-e807-45b8-8180-56f5c5b6ef8e
128,16,4,32,16,8,32,0.0005,0.7414894104003906,True,Completed,0.6711672426838626,logs/3DVit_e100_gmwm_sv128_8d70cb67-d6d2-471f-b028-a59aacdceec9
128,16,8,64,8,32,64,0.0005,2.2734718322753906,True,Completed,0.6714235991239547,logs/3DVit_e100_gmwm_sv128_fa375d3d-1f87-4ea1-ac73-708d7f32895e
128,16,8,128,64,64,128,0.0005,7.518589019775391,True,Completed,0.6772042850130484,logs/3DVit_e100_gmwm_sv128_8d5db215-95fc-40cd-98aa-824c89a6a03f
128,16,8,32,128,32,32,0.0005,1.3513526916503906,True,Completed,0.6749348977678702,logs/3DVit_e100_gmwm_sv128_9c914cd6-8fc8-481e-9b3c-9776250e4988
128,16,8,64,32,4,64,0.0005,2.4624366760253906,True,Completed,0.6730739678207195,logs/3DVit_e100_gmwm_sv128_38bb37fd-13d7-488a-85ce-a31acc4ddfd0
128,16,4,64,32,8,64,0.0005,1.8188819885253906,True,Completed,0.67202132783438,logs/3DVit_e100_gmwm_sv128_546909f1-e807-45b8-8180-56f5c5b6ef8e
128,16,4,32,16,8,32,0.0005,0.7414894104003906,True,Completed,0.6726619232642023,logs/3DVit_e100_gmwm_sv128_8d70cb67-d6d2-471f-b028-a59aacdceec9
128,16,8,64,8,32,64,0.0005,2.2734718322753906,True,Completed,0.6728689019617282,logs/3DVit_e100_gmwm_sv128_fa375d3d-1f87-4ea1-ac73-708d7f32895e
128,16,4,16,8,16,16,0.0005,0.3287696838378906,True,Completed,0.6727981339944039,logs/3DVit_e100_gmwm_sv128_57a6b034-4018-4042-a012-8b8a56d9b72e
128,16,8,128,64,64,128,0.0005,7.518589019775391,True,Completed,0.6720363568318518,logs/3DVit_e100_gmwm_sv128_8d5db215-95fc-40cd-98aa-824c89a6a03f
128,16,8,32,16,4,32,0.0005,0.9070167541503906,True,Completed,0.6745415745597135,logs/3DVit_e100_gmwm_sv128_56f9c345-ccad-438b-a87a-41e86c0a3a30
128,16,8,32,128,32,32,0.0005,1.3513526916503906,True,Completed,0.6727160991806735,logs/3DVit_e100_gmwm_sv128_9c914cd6-8fc8-481e-9b3c-9776250e4988
128,16,8,64,32,4,64,0.0005,2.4624366760253906,True,Completed,0.6747850681606092,logs/3DVit_e100_gmwm_sv128_38bb37fd-13d7-488a-85ce-a31acc4ddfd0
128,16,4,64,32,8,64,0.0005,1.8188819885253906,True,Completed,0.6744930908868186,logs/3DVit_e100_gmwm_sv128_546909f1-e807-45b8-8180-56f5c5b6ef8e
128,16,8,64,8,32,64,0.0005,2.2734718322753906,True,Completed,0.6717588493698521,logs/3DVit_e100_gmwm_sv128_fa375d3d-1f87-4ea1-ac73-708d7f32895e
128,16,4,16,8,16,16,0.0005,0.3287696838378906,True,Completed,0.6716371758988029,logs/3DVit_e100_gmwm_sv128_57a6b034-4018-4042-a012-8b8a56d9b72e
128,16,8,128,64,64,128,0.0005,7.518589019775391,True,Completed,0.6737258653891715,logs/3DVit_e100_gmwm_sv128_8d5db215-95fc-40cd-98aa-824c89a6a03f
128,16,8,32,16,4,32,0.0005,0.9070167541503906,True,Completed,0.6727310207329298,logs/3DVit_e100_gmwm_sv128_56f9c345-ccad-438b-a87a-41e86c0a3a30
128,16,8,32,128,32,32,0.0005,1.3513526916503906,True,Completed,0.6721141205022211,logs/3DVit_e100_gmwm_sv128_9c914cd6-8fc8-481e-9b3c-9776250e4988
128,16,8,64,32,4,64,0.0005,2.4624366760253906,True,Completed,0.6701730042695995,logs/3DVit_e100_gmwm_sv128_38bb37fd-13d7-488a-85ce-a31acc4ddfd0
128,16,8,64,8,32,64,0.0005,2.2734718322753906,True,Completed,0.6710365061697204,logs/3DVit_e100_gmwm_sv128_fa375d3d-1f87-4ea1-ac73-708d7f32895e
128,16,4,16,8,16,16,0.0005,0.3287696838378906,True,Completed,0.6720112028874852,logs/3DVit_e100_gmwm_sv128_57a6b034-4018-4042-a012-8b8a56d9b72e
128,16,8,128,64,64,128,0.0005,7.518589019775391,True,Completed,0.6746092274000771,logs/3DVit_e100_gmwm_sv128_8d5db215-95fc-40cd-98aa-824c89a6a03f
128,16,8,32,16,4,32,0.0005,0.9070167541503906,True,Completed,0.6726784306137185,logs/3DVit_e100_gmwm_sv128_56f9c345-ccad-438b-a87a-41e86c0a3a30
128,16,8,32,128,32,32,0.0005,1.3513526916503906,True,Completed,0.6756120802540528,logs/3DVit_e100_gmwm_sv128_9c914cd6-8fc8-481e-9b3c-9776250e4988
128,16,4,64,32,8,64,0.0005,1.8188819885253906,True,Completed,0.6746318355986948,logs/3DVit_e100_gmwm_sv128_546909f1-e807-45b8-8180-56f5c5b6ef8e
128,16,4,32,16,8,32,0.0005,0.7414894104003906,True,Completed,0.6710176703177003,logs/3DVit_e100_gmwm_sv128_8d70cb67-d6d2-471f-b028-a59aacdceec9
128,16,8,64,8,32,64,0.0005,2.2734718322753906,True,Completed,0.6728714249635998,logs/3DVit_e100_gmwm_sv128_fa375d3d-1f87-4ea1-ac73-708d7f32895e
128,16,4,16,8,16,16,0.0005,0.3287696838378906,True,Completed,0.6710079288796373,logs/3DVit_e100_gmwm_sv128_57a6b034-4018-4042-a012-8b8a56d9b72e
128,16,8,32,16,4,32,0.0005,0.9070167541503906,True,Completed,0.6741437253199123,logs/3DVit_e100_gmwm_sv128_56f9c345-ccad-438b-a87a-41e86c0a3a30
128,16,8,32,128,32,32,0.0005,1.3513526916503906,True,Completed,0.6724025787491545,logs/3DVit_e100_gmwm_sv128_9c914cd6-8fc8-481e-9b3c-9776250e4988
128,16,8,64,32,4,64,0.0005,2.4624366760253906,True,Completed,0.6738770462964712,logs/3DVit_e100_gmwm_sv128_38bb37fd-13d7-488a-85ce-a31acc4ddfd0
128,16,4,64,32,8,64,0.0005,1.8188819885253906,True,Completed,0.6730224913672396,logs/3DVit_e100_gmwm_sv128_546909f1-e807-45b8-8180-56f5c5b6ef8e
128,16,4,32,16,8,32,0.0005,0.7414894104003906,True,Completed,0.6729067971831874,logs/3DVit_e100_gmwm_sv128_8d70cb67-d6d2-471f-b028-a59aacdceec9
128,16,8,32,128,32,32,0.0005,1.3513526916503906,True,Completed,0.6724431138289604,logs/3DVit_e100_gmwm_sv128_9c914cd6-8fc8-481e-9b3c-9776250e4988
128,16,8,32,16,4,32,0.0005,0.9070167541503906,True,Completed,0.6718818882578298,logs/3DVit_e100_gmwm_sv128_56f9c345-ccad-438b-a87a-41e86c0a3a30
128,16,4,64,32,8,64,0.0005,1.8188819885253906,True,Completed,0.6735825091600419,logs/3DVit_e100_gmwm_sv128_546909f1-e807-45b8-8180-56f5c5b6ef8e
128,16,8,128,64,64,128,0.0005,7.518589019775391,True,Completed,0.675755718036702,logs/3DVit_e100_gmwm_sv128_8d5db215-95fc-40cd-98aa-824c89a6a03f
128,16,8,64,32,4,64,0.0005,2.4624366760253906,True,Completed,0.6729878296977597,logs/3DVit_e100_gmwm_sv128_38bb37fd-13d7-488a-85ce-a31acc4ddfd0
128,16,4,32,16,8,32,0.0005,0.7414894104003906,True,Completed,0.6703423755733591,logs/3DVit_e100_gmwm_sv128_8d70cb67-d6d2-471f-b028-a59aacdceec9
128,16,4,16,8,16,16,0.0005,0.3287696838378906,True,Completed,0.6711374591839937,logs/3DVit_e100_gmwm_sv128_57a6b034-4018-4042-a012-8b8a56d9b72e
128,16,8,64,8,32,64,0.0005,2.2734718322753906,True,Completed,0.6711251045528212,logs/3DVit_e100_gmwm_sv128_fa375d3d-1f87-4ea1-ac73-708d7f32895e
128,16,4,64,32,8,64,0.0005,1.8188819885253906,True,Completed,0.670077179607592,logs/3DVit_e100_gmwm_sv128_546909f1-e807-45b8-8180-56f5c5b6ef8e
128,16,8,32,16,4,32,0.0005,0.9070167541503906,True,Completed,0.6718787629353372,logs/3DVit_e100_gmwm_sv128_56f9c345-ccad-438b-a87a-41e86c0a3a30
128,16,8,32,128,32,32,0.0005,1.3513526916503906,True,Completed,0.6705459136711925,logs/3DVit_e100_gmwm_sv128_9c914cd6-8fc8-481e-9b3c-9776250e4988
128,16,8,64,32,4,64,0.0005,2.4624366760253906,True,Completed,0.6745653356376446,logs/3DVit_e100_gmwm_sv128_38bb37fd-13d7-488a-85ce-a31acc4ddfd0
128,16,8,128,64,64,128,0.0005,7.518589019775391,True,Completed,0.6743445137613703,logs/3DVit_e100_gmwm_sv128_8d5db215-95fc-40cd-98aa-824c89a6a03f
128,16,4,32,16,8,32,0.0005,0.7414894104003906,True,Completed,0.6705687312703386,logs/3DVit_e100_gmwm_sv128_8d70cb67-d6d2-471f-b028-a59aacdceec9
128,16,4,16,8,16,16,0.0005,0.3287696838378906,True,Completed,0.6711749567797314,logs/3DVit_e100_gmwm_sv128_57a6b034-4018-4042-a012-8b8a56d9b72e
128,16,8,64,8,32,64,0.0005,2.2734718322753906,True,Completed,0.671123559537687,logs/3DVit_e100_gmwm_sv128_fa375d3d-1f87-4ea1-ac73-708d7f32895e
128,16,4,64,32,8,64,0.0005,1.8188819885253906,True,Completed,0.6723406071725645,logs/3DVit_e100_gmwm_sv128_546909f1-e807-45b8-8180-56f5c5b6ef8e
128,16,8,32,128,32,32,0.0005,1.3513526916503906,True,Completed,0.672943657950351,logs/3DVit_e100_gmwm_sv128_9c914cd6-8fc8-481e-9b3c-9776250e4988
128,16,8,32,16,4,32,0.0005,0.9070167541503906,True,Completed,0.6723348153264898,logs/3DVit_e100_gmwm_sv128_56f9c345-ccad-438b-a87a-41e86c0a3a30
128,16,8,64,32,4,64,0.0005,2.4624366760253906,True,Completed,0.6711410213457909,logs/3DVit_e100_gmwm_sv128_38bb37fd-13d7-488a-85ce-a31acc4ddfd0
128,16,8,128,64,64,128,0.0005,7.518589019775391,True,Completed,0.6751792987710551,logs/3DVit_e100_gmwm_sv128_8d5db215-95fc-40cd-98aa-824c89a6a03f
128,16,4,16,8,16,16,0.0005,0.3287696838378906,True,Completed,0.6710879112544811,logs/3DVit_e100_gmwm_sv128_57a6b034-4018-4042-a012-8b8a56d9b72e
128,16,8,64,8,32,64,0.0005,2.2734718322753906,True,Completed,0.6737522224062367,logs/3DVit_e100_gmwm_sv128_fa375d3d-1f87-4ea1-ac73-708d7f32895e
128,16,4,64,32,8,64,0.0005,1.8188819885253906,True,Completed,0.6745184597216155,logs/3DVit_e100_gmwm_sv128_546909f1-e807-45b8-8180-56f5c5b6ef8e
128,16,8,32,128,32,32,0.0005,1.3513526916503906,True,Completed,0.6705797832263146,logs/3DVit_e100_gmwm_sv128_9c914cd6-8fc8-481e-9b3c-9776250e4988
128,16,8,32,16,4,32,0.0005,0.9070167541503906,True,Completed,0.6719055928682026,logs/3DVit_e100_gmwm_sv128_56f9c345-ccad-438b-a87a-41e86c0a3a30
128,16,8,64,32,4,64,0.0005,2.4624366760253906,True,Completed,0.6713116976775622,logs/3DVit_e100_gmwm_sv128_38bb37fd-13d7-488a-85ce-a31acc4ddfd0
128,16,4,32,16,8,32,0.0005,0.7414894104003906,True,Completed,0.6709312412299611,logs/3DVit_e100_gmwm_sv128_8d70cb67-d6d2-471f-b028-a59aacdceec9
128,16,8,128,64,64,128,0.0005,7.518589019775391,True,Completed,0.674265424671926,logs/3DVit_e100_gmwm_sv128_8d5db215-95fc-40cd-98aa-824c89a6a03f
128,16,4,16,8,16,16,0.0005,0.3287696838378906,True,Completed,0.6712899121798964,logs/3DVit_e100_gmwm_sv128_57a6b034-4018-4042-a012-8b8a56d9b72e
128,16,8,64,8,32,64,0.0005,2.2734718322753906,True,Completed,0.6717737340613418,logs/3DVit_e100_gmwm_sv128_fa375d3d-1f87-4ea1-ac73-708d7f32895e
128,16,4,64,32,8,64,0.0005,1.8188819885253906,True,Completed,0.6746627704093333,logs/3DVit_e100_gmwm_sv128_546909f1-e807-45b8-8180-56f5c5b6ef8e
128,16,8,32,128,32,32,0.0005,1.3513526916503906,True,Completed,0.6711535869460358,logs/3DVit_e100_gmwm_sv128_9c914cd6-8fc8-481e-9b3c-9776250e4988
128,16,4,32,16,8,32,0.0005,0.7414894104003906,True,Completed,0.6762654083339791,logs/3DVit_e100_gmwm_sv128_8d70cb67-d6d2-471f-b028-a59aacdceec9
128,16,8,32,16,4,32,0.0005,0.9070167541503906,True,Completed,0.6700906039852846,logs/3DVit_e100_gmwm_sv128_56f9c345-ccad-438b-a87a-41e86c0a3a30
128,16,8,64,32,4,64,0.0005,2.4624366760253906,True,Completed,0.672185533140835,logs/3DVit_e100_gmwm_sv128_38bb37fd-13d7-488a-85ce-a31acc4ddfd0
128,16,8,128,64,64,128,0.0005,7.518589019775391,True,Completed,0.672170908043259,logs/3DVit_e100_gmwm_sv128_8d5db215-95fc-40cd-98aa-824c89a6a03f
128,16,4,16,8,16,16,0.0005,0.3287696838378906,True,Completed,0.6768452125160319,logs/3DVit_e100_gmwm_sv128_57a6b034-4018-4042-a012-8b8a56d9b72e
128,16,8,64,8,32,64,0.0005,2.2734718322753906,True,Completed,0.6716611032423221,logs/3DVit_e100_gmwm_sv128_fa375d3d-1f87-4ea1-ac73-708d7f32895e
128,16,4,64,32,8,64,0.0005,1.8188819885253906,True,Completed,0.6781813227816631,logs/3DVit_e100_gmwm_sv128_546909f1-e807-45b8-8180-56f5c5b6ef8e
128,16,8,32,16,4,32,0.0005,0.9070167541503906,True,Completed,0.6708896842442061,logs/3DVit_e100_gmwm_sv128_56f9c345-ccad-438b-a87a-41e86c0a3a30
128,16,8,64,32,4,64,0.0005,2.4624366760253906,True,Completed,0.6704436062197936,logs/3DVit_e100_gmwm_sv128_38bb37fd-13d7-488a-85ce-a31acc4ddfd0
128,16,8,128,64,64,128,0.0005,7.518589019775391,True,Completed,0.6734752090353716,logs/3DVit_e100_gmwm_sv128_8d5db215-95fc-40cd-98aa-824c89a6a03f
128,16,8,64,8,32,64,0.0005,2.2734718322753906,True,Completed,0.6731558598970112,logs/3DVit_e100_gmwm_sv128_fa375d3d-1f87-4ea1-ac73-708d7f32895e
128,16,4,64,32,8,64,0.0005,1.8188819885253906,True,Completed,0.6706992089748379,logs/3DVit_e100_gmwm_sv128_546909f1-e807-45b8-8180-56f5c5b6ef8e
128,16,4,32,16,8,32,0.0005,0.7414894104003906,True,Completed,0.6734413881050914,logs/3DVit_e100_gmwm_sv128_8d70cb67-d6d2-471f-b028-a59aacdceec9
128,16,8,32,16,4,32,0.0005,0.9070167541503906,True,Completed,0.6703603181399801,logs/3DVit_e100_gmwm_sv128_56f9c345-ccad-438b-a87a-41e86c0a3a30
128,16,8,128,64,64,128,0.0005,7.518589019775391,True,Completed,0.6748959429954228,logs/3DVit_e100_gmwm_sv128_8d5db215-95fc-40cd-98aa-824c89a6a03f
128,16,4,16,8,16,16,0.0005,0.3287696838378906,True,Completed,0.6724813329546077,logs/3DVit_e100_gmwm_sv128_57a6b034-4018-4042-a012-8b8a56d9b72e
128,16,8,64,8,32,64,0.0005,2.2734718322753906,True,Completed,0.672002528843127,logs/3DVit_e100_gmwm_sv128_fa375d3d-1f87-4ea1-ac73-708d7f32895e
128,16,4,64,32,8,64,0.0005,1.8188819885253906,True,Completed,0.6754791830715378,logs/3DVit_e100_gmwm_sv128_546909f1-e807-45b8-8180-56f5c5b6ef8e
128,16,4,32,16,8,32,0.0005,0.7414894104003906,True,Completed,0.6744764117818126,logs/3DVit_e100_gmwm_sv128_8d70cb67-d6d2-471f-b028-a59aacdceec9
128,16,8,32,128,32,32,0.0005,1.3513526916503906,True,Completed,0.6743011411867643,logs/3DVit_e100_gmwm_sv128_9c914cd6-8fc8-481e-9b3c-9776250e4988
128,16,8,32,16,4,32,0.0005,0.9070167541503906,True,Completed,0.6737477928400039,logs/3DVit_e100_gmwm_sv128_56f9c345-ccad-438b-a87a-41e86c0a3a30
128,16,8,64,32,4,64,0.0005,2.4624366760253906,True,Completed,0.6730947416079671,logs/3DVit_e100_gmwm_sv128_38bb37fd-13d7-488a-85ce-a31acc4ddfd0
128,16,4,8,16,8,8,0.0005,0.16012954711914062,True,Completed,0.6710905448386544,logs/3DVit_e100_gmwm_sv128_72e6276b-2c25-4afe-b788-98ee6153cfce
128,16,4,16,8,16,16,0.0005,0.3287696838378906,True,Completed,0.6752024018450787,logs/3DVit_e100_gmwm_sv128_57a6b034-4018-4042-a012-8b8a56d9b72e
128,16,8,128,64,64,128,0.0005,7.518589019775391,True,Completed,0.6797830054634497,logs/3DVit_e100_gmwm_sv128_8d5db215-95fc-40cd-98aa-824c89a6a03f
128,16,4,64,32,8,64,0.0005,1.8188819885253906,True,Completed,0.677777363281501,logs/3DVit_e100_gmwm_sv128_546909f1-e807-45b8-8180-56f5c5b6ef8e
128,16,8,64,8,32,64,0.0005,2.2734718322753906,True,Completed,0.6750590205192564,logs/3DVit_e100_gmwm_sv128_fa375d3d-1f87-4ea1-ac73-708d7f32895e
128,16,4,32,16,8,32,0.0005,0.7414894104003906,True,Completed,0.671592280268669,logs/3DVit_e100_gmwm_sv128_8d70cb67-d6d2-471f-b028-a59aacdceec9
128,16,8,32,128,32,32,0.0005,1.3513526916503906,True,Completed,0.6700491473863002,logs/3DVit_e100_gmwm_sv128_9c914cd6-8fc8-481e-9b3c-9776250e4988
128,16,8,32,16,4,32,0.0005,0.9070167541503906,True,Completed,0.6759041375235508,logs/3DVit_e100_gmwm_sv128_56f9c345-ccad-438b-a87a-41e86c0a3a30
128,16,8,64,32,4,64,0.0005,2.4624366760253906,True,Completed,0.6772800401637427,logs/3DVit_e100_gmwm_sv128_38bb37fd-13d7-488a-85ce-a31acc4ddfd0
128,16,4,16,8,16,16,0.0005,0.3287696838378906,True,Completed,0.6734938394082218,logs/3DVit_e100_gmwm_sv128_57a6b034-4018-4042-a012-8b8a56d9b72e
128,16,4,64,32,8,64,0.0005,1.8188819885253906,True,Completed,0.6752748669762363,logs/3DVit_e100_gmwm_sv128_546909f1-e807-45b8-8180-56f5c5b6ef8e
128,16,4,32,16,8,32,0.0005,0.7414894104003906,True,Completed,0.6741889613239389,logs/3DVit_e100_gmwm_sv128_8d70cb67-d6d2-471f-b028-a59aacdceec9
128,16,8,64,8,32,64,0.0005,2.2734718322753906,True,Completed,0.6701031539000961,logs/3DVit_e100_gmwm_sv128_fa375d3d-1f87-4ea1-ac73-708d7f32895e
128,16,8,32,128,32,32,0.0005,1.3513526916503906,True,Completed,0.673206802261503,logs/3DVit_e100_gmwm_sv128_9c914cd6-8fc8-481e-9b3c-9776250e4988
128,16,8,64,32,4,64,0.0005,2.4624366760253906,True,Completed,0.6708356526337171,logs/3DVit_e100_gmwm_sv128_38bb37fd-13d7-488a-85ce-a31acc4ddfd0
128,16,4,16,8,16,16,0.0005,0.3287696838378906,True,Completed,0.6748537640822561,logs/3DVit_e100_gmwm_sv128_57a6b034-4018-4042-a012-8b8a56d9b72e
128,16,8,128,64,64,128,0.0005,7.518589019775391,True,Completed,0.6753476136609129,logs/3DVit_e100_gmwm_sv128_8d5db215-95fc-40cd-98aa-824c89a6a03f
128,16,4,64,32,8,64,0.0005,1.8188819885253906,True,Completed,0.6745928455340233,logs/3DVit_e100_gmwm_sv128_546909f1-e807-45b8-8180-56f5c5b6ef8e
128,16,4,32,16,8,32,0.0005,0.7414894104003906,True,Completed,0.6713472565538007,logs/3DVit_e100_gmwm_sv128_8d70cb67-d6d2-471f-b028-a59aacdceec9
128,16,8,64,8,32,64,0.0005,2.2734718322753906,True,Completed,0.6735097271831413,logs/3DVit_e100_gmwm_sv128_fa375d3d-1f87-4ea1-ac73-708d7f32895e
128,16,16,64,64,8,64,0.0005,4.253452301025391,True,Completed,0.6701134255057887,logs/3DVit_e100_gmwm_sv128_df063703-7fe0-4e91-9e8e-2572a4aaad9d
128,16,8,32,128,32,32,0.0005,1.3513526916503906,True,Completed,0.675090767051044,logs/3DVit_e100_gmwm_sv128_9c914cd6-8fc8-481e-9b3c-9776250e4988
128,16,8,32,16,4,32,0.0005,0.9070167541503906,True,Completed,0.6722059720440918,logs/3DVit_e100_gmwm_sv128_56f9c345-ccad-438b-a87a-41e86c0a3a30
128,16,8,64,32,4,64,0.0005,2.4624366760253906,True,Completed,0.6733146929427196,logs/3DVit_e100_gmwm_sv128_38bb37fd-13d7-488a-85ce-a31acc4ddfd0
128,16,4,16,8,16,16,0.0005,0.3287696838378906,True,Completed,0.6717848840512727,logs/3DVit_e100_gmwm_sv128_57a6b034-4018-4042-a012-8b8a56d9b72e
128,16,8,128,64,64,128,0.0005,7.518589019775391,True,Completed,0.6769581876303019,logs/3DVit_e100_gmwm_sv128_8d5db215-95fc-40cd-98aa-824c89a6a03f
128,16,4,64,32,8,64,0.0005,1.8188819885253906,True,Completed,0.6736235108814742,logs/3DVit_e100_gmwm_sv128_546909f1-e807-45b8-8180-56f5c5b6ef8e
128,16,4,32,16,8,32,0.0005,0.7414894104003906,True,Completed,0.6723740602794447,logs/3DVit_e100_gmwm_sv128_8d70cb67-d6d2-471f-b028-a59aacdceec9
128,16,8,64,8,32,64,0.0005,2.2734718322753906,True,Completed,0.6763984866832433,logs/3DVit_e100_gmwm_sv128_fa375d3d-1f87-4ea1-ac73-708d7f32895e
128,16,8,32,128,32,32,0.0005,1.3513526916503906,True,Completed,0.6729346419635572,logs/3DVit_e100_gmwm_sv128_9c914cd6-8fc8-481e-9b3c-9776250e4988
128,16,16,64,64,8,64,0.0005,4.253452301025391,True,Completed,0.6705237940738074,logs/3DVit_e100_gmwm_sv128_df063703-7fe0-4e91-9e8e-2572a4aaad9d
128,16,4,16,8,16,16,0.0005,0.3287696838378906,True,Completed,0.6721970619339693,logs/3DVit_e100_gmwm_sv128_57a6b034-4018-4042-a012-8b8a56d9b72e
128,16,8,32,16,4,32,0.0005,0.9070167541503906,True,Completed,0.6713248765782307,logs/3DVit_e100_gmwm_sv128_56f9c345-ccad-438b-a87a-41e86c0a3a30
128,16,8,128,64,64,128,0.0005,7.518589019775391,True,Completed,0.6734278460866528,logs/3DVit_e100_gmwm_sv128_8d5db215-95fc-40cd-98aa-824c89a6a03f
128,16,4,64,32,8,64,0.0005,1.8188819885253906,True,Completed,0.6740352025157526,logs/3DVit_e100_gmwm_sv128_546909f1-e807-45b8-8180-56f5c5b6ef8e
128,16,4,32,16,8,32,0.0005,0.7414894104003906,True,Completed,0.6723608947113939,logs/3DVit_e100_gmwm_sv128_8d70cb67-d6d2-471f-b028-a59aacdceec9
128,16,8,64,8,32,64,0.0005,2.2734718322753906,True,Completed,0.6730513211927917,logs/3DVit_e100_gmwm_sv128_fa375d3d-1f87-4ea1-ac73-708d7f32895e
128,16,4,16,8,16,16,0.0005,0.3287696838378906,True,Completed,0.673471286892891,logs/3DVit_e100_gmwm_sv128_57a6b034-4018-4042-a012-8b8a56d9b72e
128,16,8,32,16,4,32,0.0005,0.9070167541503906,True,Completed,0.6722992846840309,logs/3DVit_e100_gmwm_sv128_56f9c345-ccad-438b-a87a-41e86c0a3a30
128,16,8,64,32,4,64,0.0005,2.4624366760253906,True,Completed,0.6734854084880728,logs/3DVit_e100_gmwm_sv128_38bb37fd-13d7-488a-85ce-a31acc4ddfd0
128,16,8,128,64,64,128,0.0005,7.518589019775391,True,Completed,0.6763830616285927,logs/3DVit_e100_gmwm_sv128_8d5db215-95fc-40cd-98aa-824c89a6a03f
128,16,4,64,32,8,64,0.0005,1.8188819885253906,True,Completed,0.6747444773975172,logs/3DVit_e100_gmwm_sv128_546909f1-e807-45b8-8180-56f5c5b6ef8e
128,16,4,32,16,8,32,0.0005,0.7414894104003906,True,Completed,0.6726268914185074,logs/3DVit_e100_gmwm_sv128_8d70cb67-d6d2-471f-b028-a59aacdceec9
128,16,8,64,8,32,64,0.0005,2.2734718322753906,True,Completed,0.6744525103192579,logs/3DVit_e100_gmwm_sv128_fa375d3d-1f87-4ea1-ac73-708d7f32895e
128,16,4,16,8,16,16,0.0005,0.3287696838378906,True,Completed,0.6736880878084586,logs/3DVit_e100_gmwm_sv128_57a6b034-4018-4042-a012-8b8a56d9b72e
128,16,8,32,128,32,32,0.0005,1.3513526916503906,True,Completed,0.6718677015681014,logs/3DVit_e100_gmwm_sv128_9c914cd6-8fc8-481e-9b3c-9776250e4988
128,16,8,32,16,4,32,0.0005,0.9070167541503906,True,Completed,0.6735932042724212,logs/3DVit_e100_gmwm_sv128_56f9c345-ccad-438b-a87a-41e86c0a3a30
128,16,8,64,32,4,64,0.0005,2.4624366760253906,True,Completed,0.6734366173806942,logs/3DVit_e100_gmwm_sv128_38bb37fd-13d7-488a-85ce-a31acc4ddfd0
128,16,8,128,64,64,128,0.0005,7.518589019775391,True,Completed,0.6749397084901207,logs/3DVit_e100_gmwm_sv128_8d5db215-95fc-40cd-98aa-824c89a6a03f
128,16,4,64,32,8,64,0.0005,1.8188819885253906,True,Completed,0.6755677438095994,logs/3DVit_e100_gmwm_sv128_546909f1-e807-45b8-8180-56f5c5b6ef8e
128,16,4,32,16,8,32,0.0005,0.7414894104003906,True,Completed,0.6728113426973944,logs/3DVit_e100_gmwm_sv128_8d70cb67-d6d2-471f-b028-a59aacdceec9
128,16,8,64,8,32,64,0.0005,2.2734718322753906,True,Completed,0.6730330970726517,logs/3DVit_e100_gmwm_sv128_fa375d3d-1f87-4ea1-ac73-708d7f32895e
128,16,4,16,8,16,16,0.0005,0.3287696838378906,True,Completed,0.6736490075525485,logs/3DVit_e100_gmwm_sv128_57a6b034-4018-4042-a012-8b8a56d9b72e
128,16,8,32,128,32,32,0.0005,1.3513526916503906,True,Completed,0.6726247581996417,logs/3DVit_e100_gmwm_sv128_9c914cd6-8fc8-481e-9b3c-9776250e4988
128,16,8,32,16,4,32,0.0005,0.9070167541503906,True,Completed,0.6717616798062074,logs/3DVit_e100_gmwm_sv128_56f9c345-ccad-438b-a87a-41e86c0a3a30
128,16,8,64,32,4,64,0.0005,2.4624366760253906,True,Completed,0.6718657416732687,logs/3DVit_e100_gmwm_sv128_38bb37fd-13d7-488a-85ce-a31acc4ddfd0
128,16,4,64,32,8,64,0.0005,1.8188819885253906,True,Completed,0.673647506456626,logs/3DVit_e100_gmwm_sv128_546909f1-e807-45b8-8180-56f5c5b6ef8e
128,16,8,128,64,64,128,0.0005,7.518589019775391,True,Completed,0.6752907547511553,logs/3DVit_e100_gmwm_sv128_8d5db215-95fc-40cd-98aa-824c89a6a03f
128,16,4,32,16,8,32,0.0005,0.7414894104003906,True,Completed,0.672968677784267,logs/3DVit_e100_gmwm_sv128_8d70cb67-d6d2-471f-b028-a59aacdceec9
128,16,4,16,8,16,16,0.0005,0.3287696838378906,True,Completed,0.6720520140309082,logs/3DVit_e100_gmwm_sv128_57a6b034-4018-4042-a012-8b8a56d9b72e
128,16,8,64,8,32,64,0.0005,2.2734718322753906,True,Completed,0.6740972603622237,logs/3DVit_e100_gmwm_sv128_fa375d3d-1f87-4ea1-ac73-708d7f32895e
128,16,8,32,16,4,32,0.0005,0.9070167541503906,True,Completed,0.6715866986073944,logs/3DVit_e100_gmwm_sv128_56f9c345-ccad-438b-a87a-41e86c0a3a30
128,16,8,64,32,4,64,0.0005,2.4624366760253906,True,Completed,0.6728657382099251,logs/3DVit_e100_gmwm_sv128_38bb37fd-13d7-488a-85ce-a31acc4ddfd0
128,16,8,32,128,32,32,0.0005,1.3513526916503906,True,Completed,0.673548463928072,logs/3DVit_e100_gmwm_sv128_9c914cd6-8fc8-481e-9b3c-9776250e4988
128,16,4,64,32,8,64,0.0005,1.8188819885253906,True,Completed,0.675530112103412,logs/3DVit_e100_gmwm_sv128_546909f1-e807-45b8-8180-56f5c5b6ef8e
128,16,8,128,64,64,128,0.0005,7.518589019775391,True,Completed,0.6754038561331597,logs/3DVit_e100_gmwm_sv128_8d5db215-95fc-40cd-98aa-824c89a6a03f
128,16,4,32,16,8,32,0.0005,0.7414894104003906,True,Completed,0.6737574950644845,logs/3DVit_e100_gmwm_sv128_8d70cb67-d6d2-471f-b028-a59aacdceec9
128,16,4,16,8,16,16,0.0005,0.3287696838378906,True,Completed,0.674581278311579,logs/3DVit_e100_gmwm_sv128_57a6b034-4018-4042-a012-8b8a56d9b72e
128,16,8,64,8,32,64,0.0005,2.2734718322753906,True,Completed,0.673875004053116,logs/3DVit_e100_gmwm_sv128_fa375d3d-1f87-4ea1-ac73-708d7f32895e
128,16,8,32,16,4,32,0.0005,0.9070167541503906,True,Completed,0.6734815420288791,logs/3DVit_e100_gmwm_sv128_56f9c345-ccad-438b-a87a-41e86c0a3a30
128,16,8,64,32,4,64,0.0005,2.4624366760253906,True,Completed,0.6745188863653885,logs/3DVit_e100_gmwm_sv128_38bb37fd-13d7-488a-85ce-a31acc4ddfd0
128,16,8,32,128,32,32,0.0005,1.3513526916503906,True,Completed,0.674273209352242,logs/3DVit_e100_gmwm_sv128_9c914cd6-8fc8-481e-9b3c-9776250e4988
128,16,4,64,32,8,64,0.0005,1.8188819885253906,True,Completed,0.6761956944277413,logs/3DVit_e100_gmwm_sv128_546909f1-e807-45b8-8180-56f5c5b6ef8e
128,16,4,32,16,8,32,0.0005,0.7414894104003906,True,Completed,0.6741470671013781,logs/3DVit_e100_gmwm_sv128_8d70cb67-d6d2-471f-b028-a59aacdceec9
128,16,4,16,8,16,16,0.0005,0.3287696838378906,True,Completed,0.6742477338565025,logs/3DVit_e100_gmwm_sv128_57a6b034-4018-4042-a012-8b8a56d9b72e
128,16,4,8,16,8,8,0.0005,0.16012954711914062,True,Completed,0.6722835569005263,logs/3DVit_e100_gmwm_sv128_72e6276b-2c25-4afe-b788-98ee6153cfce
128,16,8,64,8,32,64,0.0005,2.2734718322753906,True,Completed,0.6733555911402951,logs/3DVit_e100_gmwm_sv128_fa375d3d-1f87-4ea1-ac73-708d7f32895e
128,16,8,32,16,4,32,0.0005,0.9070167541503906,True,Completed,0.6720650078434695,logs/3DVit_e100_gmwm_sv128_56f9c345-ccad-438b-a87a-41e86c0a3a30
128,16,8,32,128,32,32,0.0005,1.3513526916503906,True,Completed,0.6753955616762762,logs/3DVit_e100_gmwm_sv128_9c914cd6-8fc8-481e-9b3c-9776250e4988
128,16,8,64,32,4,64,0.0005,2.4624366760253906,True,Completed,0.6757611687246122,logs/3DVit_e100_gmwm_sv128_38bb37fd-13d7-488a-85ce-a31acc4ddfd0
128,16,4,64,32,8,64,0.0005,1.8188819885253906,True,Completed,0.6764102578163147,logs/3DVit_e100_gmwm_sv128_546909f1-e807-45b8-8180-56f5c5b6ef8e
128,16,4,32,16,8,32,0.0005,0.7414894104003906,True,Completed,0.675196199040664,logs/3DVit_e100_gmwm_sv128_8d70cb67-d6d2-471f-b028-a59aacdceec9
128,16,8,128,64,64,128,0.0005,7.518589019775391,True,Completed,0.6742746751559408,logs/3DVit_e100_gmwm_sv128_8d5db215-95fc-40cd-98aa-824c89a6a03f
128,16,4,16,8,16,16,0.0005,0.3287696838378906,True,Completed,0.6755796482688501,logs/3DVit_e100_gmwm_sv128_57a6b034-4018-4042-a012-8b8a56d9b72e
128,16,4,8,16,8,8,0.0005,0.16012954711914062,True,Completed,0.6714175618008561,logs/3DVit_e100_gmwm_sv128_72e6276b-2c25-4afe-b788-98ee6153cfce
128,16,16,64,64,8,64,0.0005,4.253452301025391,True,Completed,0.6701883226633072,logs/3DVit_e100_gmwm_sv128_df063703-7fe0-4e91-9e8e-2572a4aaad9d
128,16,8,64,8,32,64,0.0005,2.2734718322753906,True,Completed,0.6751735265317718,logs/3DVit_e100_gmwm_sv128_fa375d3d-1f87-4ea1-ac73-708d7f32895e
128,16,4,64,32,8,64,0.0005,1.8188819885253906,True,Completed,0.6770437822530141,logs/3DVit_e100_gmwm_sv128_546909f1-e807-45b8-8180-56f5c5b6ef8e
128,16,8,64,32,4,64,0.0005,2.4624366760253906,True,Completed,0.6774696558713914,logs/3DVit_e100_gmwm_sv128_38bb37fd-13d7-488a-85ce-a31acc4ddfd0
128,16,8,32,16,4,32,0.0005,0.9070167541503906,True,Completed,0.6738623615942504,logs/3DVit_e100_gmwm_sv128_56f9c345-ccad-438b-a87a-41e86c0a3a30
128,16,8,32,128,32,32,0.0005,1.3513526916503906,True,Completed,0.6733908770900024,logs/3DVit_e100_gmwm_sv128_9c914cd6-8fc8-481e-9b3c-9776250e4988
128,16,4,32,16,8,32,0.0005,0.7414894104003906,True,Completed,0.6753325587824771,logs/3DVit_e100_gmwm_sv128_8d70cb67-d6d2-471f-b028-a59aacdceec9
128,16,8,128,64,64,128,0.0005,7.518589019775391,True,Completed,0.6746363639831543,logs/3DVit_e100_gmwm_sv128_8d5db215-95fc-40cd-98aa-824c89a6a03f
128,16,4,16,8,16,16,0.0005,0.3287696838378906,True,Completed,0.6749153999905838,logs/3DVit_e100_gmwm_sv128_57a6b034-4018-4042-a012-8b8a56d9b72e
128,16,4,8,16,8,8,0.0005,0.16012954711914062,True,Completed,0.6731409116795187,logs/3DVit_e100_gmwm_sv128_72e6276b-2c25-4afe-b788-98ee6153cfce
128,16,8,64,8,32,64,0.0005,2.2734718322753906,True,Completed,0.6757037059256903,logs/3DVit_e100_gmwm_sv128_fa375d3d-1f87-4ea1-ac73-708d7f32895e
128,16,4,64,32,8,64,0.0005,1.8188819885253906,True,Completed,0.6771277699031331,logs/3DVit_e100_gmwm_sv128_546909f1-e807-45b8-8180-56f5c5b6ef8e
128,16,8,32,128,32,32,0.0005,1.3513526916503906,True,Completed,0.6739849487417621,logs/3DVit_e100_gmwm_sv128_9c914cd6-8fc8-481e-9b3c-9776250e4988
128,16,8,64,32,4,64,0.0005,2.4624366760253906,True,Completed,0.6739881775881116,logs/3DVit_e100_gmwm_sv128_38bb37fd-13d7-488a-85ce-a31acc4ddfd0
128,16,8,32,16,4,32,0.0005,0.9070167541503906,True,Completed,0.6739923044254905,logs/3DVit_e100_gmwm_sv128_56f9c345-ccad-438b-a87a-41e86c0a3a30
128,16,4,32,16,8,32,0.0005,0.7414894104003906,True,Completed,0.6759299071211567,logs/3DVit_e100_gmwm_sv128_8d70cb67-d6d2-471f-b028-a59aacdceec9
128,16,4,16,8,16,16,0.0005,0.3287696838378906,True,Completed,0.6763349708757901,logs/3DVit_e100_gmwm_sv128_57a6b034-4018-4042-a012-8b8a56d9b72e
128,16,8,128,64,64,128,0.0005,7.518589019775391,True,Completed,0.6734665302853834,logs/3DVit_e100_gmwm_sv128_8d5db215-95fc-40cd-98aa-824c89a6a03f
128,16,4,8,16,8,8,0.0005,0.16012954711914062,True,Completed,0.6717105249041004,logs/3DVit_e100_gmwm_sv128_72e6276b-2c25-4afe-b788-98ee6153cfce
128,16,8,64,8,32,64,0.0005,2.2734718322753906,True,Completed,0.6751507183438855,logs/3DVit_e100_gmwm_sv128_fa375d3d-1f87-4ea1-ac73-708d7f32895e
128,16,4,64,32,8,64,0.0005,1.8188819885253906,True,Completed,0.6783173319540526,logs/3DVit_e100_gmwm_sv128_546909f1-e807-45b8-8180-56f5c5b6ef8e
128,16,8,32,128,32,32,0.0005,1.3513526916503906,True,Completed,0.6746979496980967,logs/3DVit_e100_gmwm_sv128_9c914cd6-8fc8-481e-9b3c-9776250e4988
128,16,8,64,32,4,64,0.0005,2.4624366760253906,True,Completed,0.6747651500137228,logs/3DVit_e100_gmwm_sv128_38bb37fd-13d7-488a-85ce-a31acc4ddfd0
128,16,8,32,16,4,32,0.0005,0.9070167541503906,True,Completed,0.6753906199806616,logs/3DVit_e100_gmwm_sv128_56f9c345-ccad-438b-a87a-41e86c0a3a30
128,16,4,32,16,8,32,0.0005,0.7414894104003906,True,Completed,0.6728934245674235,logs/3DVit_e100_gmwm_sv128_8d70cb67-d6d2-471f-b028-a59aacdceec9
128,16,4,16,8,16,16,0.0005,0.3287696838378906,True,Completed,0.6728275990799856,logs/3DVit_e100_gmwm_sv128_57a6b034-4018-4042-a012-8b8a56d9b72e
128,16,8,128,64,64,128,0.0005,7.518589019775391,True,Completed,0.6764584269962812,logs/3DVit_e100_gmwm_sv128_8d5db215-95fc-40cd-98aa-824c89a6a03f
128,16,4,64,32,8,64,0.0005,1.8188819885253906,True,Completed,0.6750875311462502,logs/3DVit_e100_gmwm_sv128_546909f1-e807-45b8-8180-56f5c5b6ef8e
128,16,8,64,8,32,64,0.0005,2.2734718322753906,True,Completed,0.6758552719103661,logs/3DVit_e100_gmwm_sv128_fa375d3d-1f87-4ea1-ac73-708d7f32895e
128,16,8,32,128,32,32,0.0005,1.3513526916503906,True,Completed,0.6762313387895885,logs/3DVit_e100_gmwm_sv128_9c914cd6-8fc8-481e-9b3c-9776250e4988
128,16,4,32,16,8,32,0.0005,0.7414894104003906,True,Completed,0.6753616372221396,logs/3DVit_e100_gmwm_sv128_8d70cb67-d6d2-471f-b028-a59aacdceec9
128,16,8,32,16,4,32,0.0005,0.9070167541503906,True,Completed,0.6751351144753005,logs/3DVit_e100_gmwm_sv128_56f9c345-ccad-438b-a87a-41e86c0a3a30
128,16,8,64,32,4,64,0.0005,2.4624366760253906,True,Completed,0.6760908427991367,logs/3DVit_e100_gmwm_sv128_38bb37fd-13d7-488a-85ce-a31acc4ddfd0
128,16,4,16,8,16,16,0.0005,0.3287696838378906,True,Completed,0.6749814270358337,logs/3DVit_e100_gmwm_sv128_57a6b034-4018-4042-a012-8b8a56d9b72e
128,16,4,8,16,8,8,0.0005,0.16012954711914062,True,Completed,0.6733089528585737,logs/3DVit_e100_gmwm_sv128_72e6276b-2c25-4afe-b788-98ee6153cfce
128,16,8,128,64,64,128,0.0005,7.518589019775391,True,Completed,0.6774751936134543,logs/3DVit_e100_gmwm_sv128_8d5db215-95fc-40cd-98aa-824c89a6a03f
128,16,4,64,32,8,64,0.0005,1.8188819885253906,True,Completed,0.6777950509598382,logs/3DVit_e100_gmwm_sv128_546909f1-e807-45b8-8180-56f5c5b6ef8e
128,16,8,64,8,32,64,0.0005,2.2734718322753906,True,Completed,0.6771688429932843,logs/3DVit_e100_gmwm_sv128_fa375d3d-1f87-4ea1-ac73-708d7f32895e
128,16,4,32,16,8,32,0.0005,0.7414894104003906,True,Completed,0.673496876108019,logs/3DVit_e100_gmwm_sv128_8d70cb67-d6d2-471f-b028-a59aacdceec9
128,16,8,32,128,32,32,0.0005,1.3513526916503906,True,Completed,0.6746201044634768,logs/3DVit_e100_gmwm_sv128_9c914cd6-8fc8-481e-9b3c-9776250e4988
128,16,8,32,16,4,32,0.0005,0.9070167541503906,True,Completed,0.6763924972007149,logs/3DVit_e100_gmwm_sv128_56f9c345-ccad-438b-a87a-41e86c0a3a30
128,16,8,64,32,4,64,0.0005,2.4624366760253906,True,Completed,0.6746401096645157,logs/3DVit_e100_gmwm_sv128_38bb37fd-13d7-488a-85ce-a31acc4ddfd0
128,16,4,16,8,16,16,0.0005,0.3287696838378906,True,Completed,0.6723368003180151,logs/3DVit_e100_gmwm_sv128_57a6b034-4018-4042-a012-8b8a56d9b72e
128,16,8,128,64,64,128,0.0005,7.518589019775391,True,Completed,0.6772977568601306,logs/3DVit_e100_gmwm_sv128_8d5db215-95fc-40cd-98aa-824c89a6a03f
128,16,4,64,32,8,64,0.0005,1.8188819885253906,True,Completed,0.6753514589447723,logs/3DVit_e100_gmwm_sv128_546909f1-e807-45b8-8180-56f5c5b6ef8e
128,16,8,64,8,32,64,0.0005,2.2734718322753906,True,Completed,0.6753028984132563,logs/3DVit_e100_gmwm_sv128_fa375d3d-1f87-4ea1-ac73-708d7f32895e
128,16,4,32,16,8,32,0.0005,0.7414894104003906,True,Completed,0.6746222800330114,logs/3DVit_e100_gmwm_sv128_8d70cb67-d6d2-471f-b028-a59aacdceec9
128,16,8,32,128,32,32,0.0005,1.3513526916503906,True,Completed,0.6770320785673042,logs/3DVit_e100_gmwm_sv128_9c914cd6-8fc8-481e-9b3c-9776250e4988
128,16,8,32,16,4,32,0.0005,0.9070167541503906,True,Completed,0.6759718978091288,logs/3DVit_e100_gmwm_sv128_56f9c345-ccad-438b-a87a-41e86c0a3a30
128,16,8,64,32,4,64,0.0005,2.4624366760253906,True,Completed,0.6767739026170028,logs/3DVit_e100_gmwm_sv128_38bb37fd-13d7-488a-85ce-a31acc4ddfd0
128,16,4,16,8,16,16,0.0005,0.3287696838378906,True,Completed,0.6738971895293183,logs/3DVit_e100_gmwm_sv128_57a6b034-4018-4042-a012-8b8a56d9b72e
128,16,16,64,64,8,64,0.0005,4.253452301025391,True,Completed,0.6760407639177223,logs/3DVit_e100_gmwm_sv128_df063703-7fe0-4e91-9e8e-2572a4aaad9d
128,16,8,128,64,64,128,0.0005,7.518589019775391,True,Completed,0.6780613684340527,logs/3DVit_e100_gmwm_sv128_8d5db215-95fc-40cd-98aa-824c89a6a03f
128,16,4,64,32,8,64,0.0005,1.8188819885253906,True,Completed,0.6757377135126212,logs/3DVit_e100_gmwm_sv128_546909f1-e807-45b8-8180-56f5c5b6ef8e
128,16,8,64,8,32,64,0.0005,2.2734718322753906,True,Completed,0.6769646115993196,logs/3DVit_e100_gmwm_sv128_fa375d3d-1f87-4ea1-ac73-708d7f32895e
128,16,4,32,16,8,32,0.0005,0.7414894104003906,True,Completed,0.6732415870616312,logs/3DVit_e100_gmwm_sv128_8d70cb67-d6d2-471f-b028-a59aacdceec9
128,16,8,32,128,32,32,0.0005,1.3513526916503906,True,Completed,0.6740726585450925,logs/3DVit_e100_gmwm_sv128_9c914cd6-8fc8-481e-9b3c-9776250e4988
128,16,4,16,8,16,16,0.0005,0.3287696838378906,True,Completed,0.6734625218730221,logs/3DVit_e100_gmwm_sv128_57a6b034-4018-4042-a012-8b8a56d9b72e
128,16,8,32,16,4,32,0.0005,0.9070167541503906,True,Completed,0.6760404109954835,logs/3DVit_e100_gmwm_sv128_56f9c345-ccad-438b-a87a-41e86c0a3a30
128,16,8,64,32,4,64,0.0005,2.4624366760253906,True,Completed,0.6774107688351683,logs/3DVit_e100_gmwm_sv128_38bb37fd-13d7-488a-85ce-a31acc4ddfd0
128,16,8,128,64,64,128,0.0005,7.518589019775391,True,Completed,0.6752151642975055,logs/3DVit_e100_gmwm_sv128_8d5db215-95fc-40cd-98aa-824c89a6a03f
128,16,4,64,32,8,64,0.0005,1.8188819885253906,True,Completed,0.6748669720009757,logs/3DVit_e100_gmwm_sv128_546909f1-e807-45b8-8180-56f5c5b6ef8e
128,16,4,32,16,8,32,0.0005,0.7414894104003906,True,Completed,0.6743280503310657,logs/3DVit_e100_gmwm_sv128_8d70cb67-d6d2-471f-b028-a59aacdceec9
128,16,8,64,8,32,64,0.0005,2.2734718322753906,True,Completed,0.6747941508104925,logs/3DVit_e100_gmwm_sv128_fa375d3d-1f87-4ea1-ac73-708d7f32895e
128,16,8,32,128,32,32,0.0005,1.3513526916503906,True,Completed,0.6760728108255485,logs/3DVit_e100_gmwm_sv128_9c914cd6-8fc8-481e-9b3c-9776250e4988
128,16,4,16,8,16,16,0.0005,0.3287696838378906,True,Completed,0.6748711796183339,logs/3DVit_e100_gmwm_sv128_57a6b034-4018-4042-a012-8b8a56d9b72e
128,16,8,64,32,4,64,0.0005,2.4624366760253906,True,Completed,0.6745982295588442,logs/3DVit_e100_gmwm_sv128_38bb37fd-13d7-488a-85ce-a31acc4ddfd0
128,16,4,8,16,8,8,0.0005,0.16012954711914062,True,Completed,0.6714529348047155,logs/3DVit_e100_gmwm_sv128_72e6276b-2c25-4afe-b788-98ee6153cfce
128,16,8,32,16,4,32,0.0005,0.9070167541503906,True,Completed,0.6736443223137606,logs/3DVit_e100_gmwm_sv128_56f9c345-ccad-438b-a87a-41e86c0a3a30
128,16,8,128,64,64,128,0.0005,7.518589019775391,True,Completed,0.6772399976065282,logs/3DVit_e100_gmwm_sv128_8d5db215-95fc-40cd-98aa-824c89a6a03f
128,16,16,64,64,8,64,0.0005,4.253452301025391,True,Completed,0.671679666952083,logs/3DVit_e100_gmwm_sv128_df063703-7fe0-4e91-9e8e-2572a4aaad9d
128,16,4,64,32,8,64,0.0005,1.8188819885253906,True,Completed,0.6769332572033532,logs/3DVit_e100_gmwm_sv128_546909f1-e807-45b8-8180-56f5c5b6ef8e
128,16,4,32,16,8,32,0.0005,0.7414894104003906,True,Completed,0.6760920709685275,logs/3DVit_e100_gmwm_sv128_8d70cb67-d6d2-471f-b028-a59aacdceec9
128,16,8,64,8,32,64,0.0005,2.2734718322753906,True,Completed,0.6760417630797939,logs/3DVit_e100_gmwm_sv128_fa375d3d-1f87-4ea1-ac73-708d7f32895e
128,16,4,16,8,16,16,0.0005,0.3287696838378906,True,Completed,0.6754877151627291,logs/3DVit_e100_gmwm_sv128_57a6b034-4018-4042-a012-8b8a56d9b72e
128,16,8,32,128,32,32,0.0005,1.3513526916503906,True,Completed,0.673690746489324,logs/3DVit_e100_gmwm_sv128_9c914cd6-8fc8-481e-9b3c-9776250e4988
128,16,4,8,16,8,8,0.0005,0.16012954711914062,True,Completed,0.6712438526906466,logs/3DVit_e100_gmwm_sv128_72e6276b-2c25-4afe-b788-98ee6153cfce
128,16,8,64,32,4,64,0.0005,2.4624366760253906,True,Completed,0.6774704173991556,logs/3DVit_e100_gmwm_sv128_38bb37fd-13d7-488a-85ce-a31acc4ddfd0
128,16,8,32,16,4,32,0.0005,0.9070167541503906,True,Completed,0.6755923126873218,logs/3DVit_e100_gmwm_sv128_56f9c345-ccad-438b-a87a-41e86c0a3a30
128,16,8,128,64,64,128,0.0005,7.518589019775391,True,Completed,0.6763647794723509,logs/3DVit_e100_gmwm_sv128_8d5db215-95fc-40cd-98aa-824c89a6a03f
128,16,4,64,32,8,64,0.0005,1.8188819885253906,True,Completed,0.6774460955670008,logs/3DVit_e100_gmwm_sv128_546909f1-e807-45b8-8180-56f5c5b6ef8e
128,16,16,64,64,8,64,0.0005,4.253452301025391,True,Completed,0.6713829832641703,logs/3DVit_e100_gmwm_sv128_df063703-7fe0-4e91-9e8e-2572a4aaad9d
128,16,4,32,16,8,32,0.0005,0.7414894104003906,True,Completed,0.6740644754547821,logs/3DVit_e100_gmwm_sv128_8d70cb67-d6d2-471f-b028-a59aacdceec9
128,16,8,64,8,32,64,0.0005,2.2734718322753906,True,Completed,0.6706239479152779,logs/3DVit_e100_gmwm_sv128_fa375d3d-1f87-4ea1-ac73-708d7f32895e
128,16,4,16,8,16,16,0.0005,0.3287696838378906,True,Completed,0.674704077212434,logs/3DVit_e100_gmwm_sv128_57a6b034-4018-4042-a012-8b8a56d9b72e
128,16,4,8,16,8,8,0.0005,0.16012954711914062,True,Completed,0.6710178906980312,logs/3DVit_e100_gmwm_sv128_72e6276b-2c25-4afe-b788-98ee6153cfce
128,16,8,32,128,32,32,0.0005,1.3513526916503906,True,Completed,0.6744529871564162,logs/3DVit_e100_gmwm_sv128_9c914cd6-8fc8-481e-9b3c-9776250e4988
128,16,8,64,32,4,64,0.0005,2.4624366760253906,True,Completed,0.6746691755558314,logs/3DVit_e100_gmwm_sv128_38bb37fd-13d7-488a-85ce-a31acc4ddfd0
128,16,8,32,16,4,32,0.0005,0.9070167541503906,True,Completed,0.6736554919104828,logs/3DVit_e100_gmwm_sv128_56f9c345-ccad-438b-a87a-41e86c0a3a30
128,16,8,128,64,64,128,0.0005,7.518589019775391,True,Completed,0.6766763886338788,logs/3DVit_e100_gmwm_sv128_8d5db215-95fc-40cd-98aa-824c89a6a03f
128,16,4,64,32,8,64,0.0005,1.8188819885253906,True,Completed,0.6767830299703699,logs/3DVit_e100_gmwm_sv128_546909f1-e807-45b8-8180-56f5c5b6ef8e
128,16,16,64,64,8,64,0.0005,4.253452301025391,True,Completed,0.6733732701916445,logs/3DVit_e100_gmwm_sv128_df063703-7fe0-4e91-9e8e-2572a4aaad9d
128,16,4,32,16,8,32,0.0005,0.7414894104003906,True,Completed,0.6756137468312918,logs/3DVit_e100_gmwm_sv128_8d70cb67-d6d2-471f-b028-a59aacdceec9
128,16,8,64,8,32,64,0.0005,2.2734718322753906,True,Completed,0.6756946758220067,logs/3DVit_e100_gmwm_sv128_fa375d3d-1f87-4ea1-ac73-708d7f32895e
128,16,4,16,8,16,16,0.0005,0.3287696838378906,True,Completed,0.6763319067264856,logs/3DVit_e100_gmwm_sv128_57a6b034-4018-4042-a012-8b8a56d9b72e
128,16,4,8,16,8,8,0.0005,0.16012954711914062,True,Completed,0.672639625637155,logs/3DVit_e100_gmwm_sv128_72e6276b-2c25-4afe-b788-98ee6153cfce
128,16,8,32,128,32,32,0.0005,1.3513526916503906,True,Completed,0.6730985382669851,logs/3DVit_e100_gmwm_sv128_9c914cd6-8fc8-481e-9b3c-9776250e4988
128,16,8,64,32,4,64,0.0005,2.4624366760253906,True,Completed,0.6754040223987481,logs/3DVit_e100_gmwm_sv128_38bb37fd-13d7-488a-85ce-a31acc4ddfd0
128,16,8,32,16,4,32,0.0005,0.9070167541503906,True,Completed,0.6741102565275995,logs/3DVit_e100_gmwm_sv128_56f9c345-ccad-438b-a87a-41e86c0a3a30
128,16,4,64,32,8,64,0.0005,1.8188819885253906,True,Completed,0.6777598269675907,logs/3DVit_e100_gmwm_sv128_546909f1-e807-45b8-8180-56f5c5b6ef8e
128,16,8,128,64,64,128,0.0005,7.518589019775391,True,Completed,0.6753641939476918,logs/3DVit_e100_gmwm_sv128_8d5db215-95fc-40cd-98aa-824c89a6a03f
128,16,4,32,16,8,32,0.0005,0.7414894104003906,True,Completed,0.6755548927344773,logs/3DVit_e100_gmwm_sv128_8d70cb67-d6d2-471f-b028-a59aacdceec9
128,16,16,64,64,8,64,0.0005,4.253452301025391,True,Completed,0.6718263108479346,logs/3DVit_e100_gmwm_sv128_df063703-7fe0-4e91-9e8e-2572a4aaad9d
128,16,4,16,8,16,16,0.0005,0.3287696838378906,True,Completed,0.6757750926833405,logs/3DVit_e100_gmwm_sv128_57a6b034-4018-4042-a012-8b8a56d9b72e
128,16,8,64,8,32,64,0.0005,2.2734718322753906,True,Completed,0.6743600627309396,logs/3DVit_e100_gmwm_sv128_fa375d3d-1f87-4ea1-ac73-708d7f32895e
128,16,4,8,16,8,8,0.0005,0.16012954711914062,True,Completed,0.6721706304110976,logs/3DVit_e100_gmwm_sv128_72e6276b-2c25-4afe-b788-98ee6153cfce
128,16,8,32,128,32,32,0.0005,1.3513526916503906,True,Completed,0.6756808240162699,logs/3DVit_e100_gmwm_sv128_9c914cd6-8fc8-481e-9b3c-9776250e4988
128,16,8,64,32,4,64,0.0005,2.4624366760253906,True,Completed,0.6731299420720654,logs/3DVit_e100_gmwm_sv128_38bb37fd-13d7-488a-85ce-a31acc4ddfd0
128,16,8,32,16,4,32,0.0005,0.9070167541503906,True,Completed,0.672850511576,logs/3DVit_e100_gmwm_sv128_56f9c345-ccad-438b-a87a-41e86c0a3a30
128,16,4,64,32,8,64,0.0005,1.8188819885253906,True,Completed,0.6775772555878289,logs/3DVit_e100_gmwm_sv128_546909f1-e807-45b8-8180-56f5c5b6ef8e
128,16,8,128,64,64,128,0.0005,7.518589019775391,True,Completed,0.6775831878185273,logs/3DVit_e100_gmwm_sv128_8d5db215-95fc-40cd-98aa-824c89a6a03f
128,16,4,32,16,8,32,0.0005,0.7414894104003906,True,Completed,0.6747342018704667,logs/3DVit_e100_gmwm_sv128_8d70cb67-d6d2-471f-b028-a59aacdceec9
128,16,4,16,8,16,16,0.0005,0.3287696838378906,True,Completed,0.6741521993750021,logs/3DVit_e100_gmwm_sv128_57a6b034-4018-4042-a012-8b8a56d9b72e
128,16,8,64,8,32,64,0.0005,2.2734718322753906,True,Completed,0.675511257428872,logs/3DVit_e100_gmwm_sv128_fa375d3d-1f87-4ea1-ac73-708d7f32895e
128,16,4,8,16,8,8,0.0005,0.16012954711914062,True,Completed,0.6708748215123226,logs/3DVit_e100_gmwm_sv128_72e6276b-2c25-4afe-b788-98ee6153cfce
128,16,8,32,128,32,32,0.0005,1.3513526916503906,True,Completed,0.6753827051112525,logs/3DVit_e100_gmwm_sv128_9c914cd6-8fc8-481e-9b3c-9776250e4988
128,16,8,64,32,4,64,0.0005,2.4624366760253906,True,Completed,0.675632876785178,logs/3DVit_e100_gmwm_sv128_38bb37fd-13d7-488a-85ce-a31acc4ddfd0
128,16,8,32,16,4,32,0.0005,0.9070167541503906,True,Completed,0.6749090120980614,logs/3DVit_e100_gmwm_sv128_56f9c345-ccad-438b-a87a-41e86c0a3a30
128,16,4,64,32,8,64,0.0005,1.8188819885253906,True,Completed,0.6763015154160951,logs/3DVit_e100_gmwm_sv128_546909f1-e807-45b8-8180-56f5c5b6ef8e
128,16,8,128,64,64,128,0.0005,7.518589019775391,True,Completed,0.6773777572732226,logs/3DVit_e100_gmwm_sv128_8d5db215-95fc-40cd-98aa-824c89a6a03f
128,16,4,32,16,8,32,0.0005,0.7414894104003906,True,Completed,0.6747861535925613,logs/3DVit_e100_gmwm_sv128_8d70cb67-d6d2-471f-b028-a59aacdceec9
128,16,4,16,8,16,16,0.0005,0.3287696838378906,True,Completed,0.6743123241161045,logs/3DVit_e100_gmwm_sv128_57a6b034-4018-4042-a012-8b8a56d9b72e
128,16,4,8,16,8,8,0.0005,0.16012954711914062,True,Completed,0.67130294050041,logs/3DVit_e100_gmwm_sv128_72e6276b-2c25-4afe-b788-98ee6153cfce
128,16,8,64,8,32,64,0.0005,2.2734718322753906,True,Completed,0.6767962041654084,logs/3DVit_e100_gmwm_sv128_fa375d3d-1f87-4ea1-ac73-708d7f32895e
128,16,8,32,128,32,32,0.0005,1.3513526916503906,True,Completed,0.6753380031962144,logs/3DVit_e100_gmwm_sv128_9c914cd6-8fc8-481e-9b3c-9776250e4988
128,16,16,64,64,8,64,0.0005,4.253452301025391,True,Completed,0.6719721124360437,logs/3DVit_e100_gmwm_sv128_df063703-7fe0-4e91-9e8e-2572a4aaad9d
128,16,8,64,32,4,64,0.0005,2.4624366760253906,True,Completed,0.6765318991322268,logs/3DVit_e100_gmwm_sv128_38bb37fd-13d7-488a-85ce-a31acc4ddfd0
128,16,8,32,16,4,32,0.0005,0.9070167541503906,True,Completed,0.6765369490573282,logs/3DVit_e100_gmwm_sv128_56f9c345-ccad-438b-a87a-41e86c0a3a30
128,16,4,64,32,8,64,0.0005,1.8188819885253906,True,Completed,0.6763165420607518,logs/3DVit_e100_gmwm_sv128_546909f1-e807-45b8-8180-56f5c5b6ef8e
128,16,4,32,16,8,32,0.0005,0.7414894104003906,True,Completed,0.6754537122814278,logs/3DVit_e100_gmwm_sv128_8d70cb67-d6d2-471f-b028-a59aacdceec9
128,16,8,128,64,64,128,0.0005,7.518589019775391,True,Completed,0.6766478317348577,logs/3DVit_e100_gmwm_sv128_8d5db215-95fc-40cd-98aa-824c89a6a03f
128,16,4,16,8,16,16,0.0005,0.3287696838378906,True,Completed,0.6752992939007909,logs/3DVit_e100_gmwm_sv128_57a6b034-4018-4042-a012-8b8a56d9b72e
128,16,4,8,16,8,8,0.0005,0.16012954711914062,True,Completed,0.6724030846043636,logs/3DVit_e100_gmwm_sv128_72e6276b-2c25-4afe-b788-98ee6153cfce
128,16,8,64,8,32,64,0.0005,2.2734718322753906,True,Completed,0.6754779745089382,logs/3DVit_e100_gmwm_sv128_fa375d3d-1f87-4ea1-ac73-708d7f32895e
128,16,8,32,128,32,32,0.0005,1.3513526916503906,True,Completed,0.6754601103694814,logs/3DVit_e100_gmwm_sv128_9c914cd6-8fc8-481e-9b3c-9776250e4988
128,16,8,64,32,4,64,0.0005,2.4624366760253906,True,Completed,0.6757419462266719,logs/3DVit_e100_gmwm_sv128_38bb37fd-13d7-488a-85ce-a31acc4ddfd0
128,16,16,64,64,8,64,0.0005,4.253452301025391,True,Completed,0.6715890349526153,logs/3DVit_e100_gmwm_sv128_df063703-7fe0-4e91-9e8e-2572a4aaad9d
128,16,4,64,32,8,64,0.0005,1.8188819885253906,True,Completed,0.6773786529114373,logs/3DVit_e100_gmwm_sv128_546909f1-e807-45b8-8180-56f5c5b6ef8e
128,16,8,32,16,4,32,0.0005,0.9070167541503906,True,Completed,0.6750611576594805,logs/3DVit_e100_gmwm_sv128_56f9c345-ccad-438b-a87a-41e86c0a3a30
128,16,4,32,16,8,32,0.0005,0.7414894104003906,True,Completed,0.6754293128063803,logs/3DVit_e100_gmwm_sv128_8d70cb67-d6d2-471f-b028-a59aacdceec9
128,16,8,128,64,64,128,0.0005,7.518589019775391,True,Completed,0.6775487135899694,logs/3DVit_e100_gmwm_sv128_8d5db215-95fc-40cd-98aa-824c89a6a03f
128,16,4,16,8,16,16,0.0005,0.3287696838378906,True,Completed,0.6752980931809072,logs/3DVit_e100_gmwm_sv128_57a6b034-4018-4042-a012-8b8a56d9b72e
128,16,4,8,16,8,8,0.0005,0.16012954711914062,True,Completed,0.6728097388618871,logs/3DVit_e100_gmwm_sv128_72e6276b-2c25-4afe-b788-98ee6153cfce
128,16,8,64,8,32,64,0.0005,2.2734718322753906,True,Completed,0.6773520715926824,logs/3DVit_e100_gmwm_sv128_fa375d3d-1f87-4ea1-ac73-708d7f32895e
128,16,8,32,128,32,32,0.0005,1.3513526916503906,True,Completed,0.6756073150195573,logs/3DVit_e100_gmwm_sv128_9c914cd6-8fc8-481e-9b3c-9776250e4988
128,16,8,64,32,4,64,0.0005,2.4624366760253906,True,Completed,0.6767417812033701,logs/3DVit_e100_gmwm_sv128_38bb37fd-13d7-488a-85ce-a31acc4ddfd0
128,16,4,64,32,8,64,0.0005,1.8188819885253906,True,Completed,0.6772962126292679,logs/3DVit_e100_gmwm_sv128_546909f1-e807-45b8-8180-56f5c5b6ef8e
128,16,8,32,16,4,32,0.0005,0.9070167541503906,True,Completed,0.6761988958245831,logs/3DVit_e100_gmwm_sv128_56f9c345-ccad-438b-a87a-41e86c0a3a30
128,16,4,32,16,8,32,0.0005,0.7414894104003906,True,Completed,0.6734293409084018,logs/3DVit_e100_gmwm_sv128_8d70cb67-d6d2-471f-b028-a59aacdceec9
128,16,16,64,64,8,64,0.0005,4.253452301025391,True,Completed,0.6718092027463411,logs/3DVit_e100_gmwm_sv128_df063703-7fe0-4e91-9e8e-2572a4aaad9d
128,16,4,16,8,16,16,0.0005,0.3287696838378906,True,Completed,0.6735797351912448,logs/3DVit_e100_gmwm_sv128_57a6b034-4018-4042-a012-8b8a56d9b72e
128,16,8,128,64,64,128,0.0005,7.518589019775391,True,Completed,0.6775518004831514,logs/3DVit_e100_gmwm_sv128_8d5db215-95fc-40cd-98aa-824c89a6a03f
128,16,4,8,16,8,8,0.0005,0.16012954711914062,True,Completed,0.6702671458846643,logs/3DVit_e100_gmwm_sv128_72e6276b-2c25-4afe-b788-98ee6153cfce
128,16,8,64,8,32,64,0.0005,2.2734718322753906,True,Completed,0.677038487635161,logs/3DVit_e100_gmwm_sv128_fa375d3d-1f87-4ea1-ac73-708d7f32895e
128,16,8,32,128,32,32,0.0005,1.3513526916503906,True,Completed,0.6745873195560353,logs/3DVit_e100_gmwm_sv128_9c914cd6-8fc8-481e-9b3c-9776250e4988
128,16,8,64,32,4,64,0.0005,2.4624366760253906,True,Completed,0.6767951430458771,logs/3DVit_e100_gmwm_sv128_38bb37fd-13d7-488a-85ce-a31acc4ddfd0
128,16,4,64,32,8,64,0.0005,1.8188819885253906,True,Completed,0.6752130859776548,logs/3DVit_e100_gmwm_sv128_546909f1-e807-45b8-8180-56f5c5b6ef8e
128,16,4,32,16,8,32,0.0005,0.7414894104003906,True,Completed,0.6755858298979308,logs/3DVit_e100_gmwm_sv128_8d70cb67-d6d2-471f-b028-a59aacdceec9
128,16,8,32,16,4,32,0.0005,0.9070167541503906,True,Completed,0.6756460745083658,logs/3DVit_e100_gmwm_sv128_56f9c345-ccad-438b-a87a-41e86c0a3a30
128,16,16,64,64,8,64,0.0005,4.253452301025391,True,Completed,0.6735330396576932,logs/3DVit_e100_gmwm_sv128_df063703-7fe0-4e91-9e8e-2572a4aaad9d
128,16,4,8,16,8,8,0.0005,0.16012954711914062,True,Completed,0.6721787460540474,logs/3DVit_e100_gmwm_sv128_72e6276b-2c25-4afe-b788-98ee6153cfce
128,16,4,16,8,16,16,0.0005,0.3287696838378906,True,Completed,0.6752082799610337,logs/3DVit_e100_gmwm_sv128_57a6b034-4018-4042-a012-8b8a56d9b72e
128,16,8,128,64,64,128,0.0005,7.518589019775391,True,Completed,0.6767331353927915,logs/3DVit_e100_gmwm_sv128_8d5db215-95fc-40cd-98aa-824c89a6a03f
128,16,8,64,8,32,64,0.0005,2.2734718322753906,True,Completed,0.6760154444920394,logs/3DVit_e100_gmwm_sv128_fa375d3d-1f87-4ea1-ac73-708d7f32895e
128,16,8,32,128,32,32,0.0005,1.3513526916503906,True,Completed,0.6751319954269811,logs/3DVit_e100_gmwm_sv128_9c914cd6-8fc8-481e-9b3c-9776250e4988
128,16,4,32,16,8,32,0.0005,0.7414894104003906,True,Completed,0.6751289767654317,logs/3DVit_e100_gmwm_sv128_8d70cb67-d6d2-471f-b028-a59aacdceec9
128,16,4,64,32,8,64,0.0005,1.8188819885253906,True,Completed,0.6774102739597619,logs/3DVit_e100_gmwm_sv128_546909f1-e807-45b8-8180-56f5c5b6ef8e
128,16,8,64,32,4,64,0.0005,2.4624366760253906,True,Completed,0.6754243962074583,logs/3DVit_e100_gmwm_sv128_38bb37fd-13d7-488a-85ce-a31acc4ddfd0
128,16,8,32,16,4,32,0.0005,0.9070167541503906,True,Completed,0.6749470382928849,logs/3DVit_e100_gmwm_sv128_56f9c345-ccad-438b-a87a-41e86c0a3a30
128,16,4,8,16,8,8,0.0005,0.16012954711914062,True,Completed,0.6716612389213161,logs/3DVit_e100_gmwm_sv128_72e6276b-2c25-4afe-b788-98ee6153cfce
128,16,4,16,8,16,16,0.0005,0.3287696838378906,True,Completed,0.6752787922558031,logs/3DVit_e100_gmwm_sv128_57a6b034-4018-4042-a012-8b8a56d9b72e
128,16,16,64,64,8,64,0.0005,4.253452301025391,True,Completed,0.6723817963349191,logs/3DVit_e100_gmwm_sv128_df063703-7fe0-4e91-9e8e-2572a4aaad9d
128,16,8,128,64,64,128,0.0005,7.518589019775391,True,Completed,0.6765631970606353,logs/3DVit_e100_gmwm_sv128_8d5db215-95fc-40cd-98aa-824c89a6a03f
128,16,8,64,8,32,64,0.0005,2.2734718322753906,True,Completed,0.675881133267754,logs/3DVit_e100_gmwm_sv128_fa375d3d-1f87-4ea1-ac73-708d7f32895e
128,16,8,32,128,32,32,0.0005,1.3513526916503906,True,Completed,0.6760273701266238,logs/3DVit_e100_gmwm_sv128_9c914cd6-8fc8-481e-9b3c-9776250e4988
128,16,4,32,16,8,32,0.0005,0.7414894104003906,True,Completed,0.6743385023192356,logs/3DVit_e100_gmwm_sv128_8d70cb67-d6d2-471f-b028-a59aacdceec9
128,16,4,64,32,8,64,0.0005,1.8188819885253906,True,Completed,0.6768410276425512,logs/3DVit_e100_gmwm_sv128_546909f1-e807-45b8-8180-56f5c5b6ef8e
128,16,8,64,32,4,64,0.0005,2.4624366760253906,True,Completed,0.6754060215071628,logs/3DVit_e100_gmwm_sv128_38bb37fd-13d7-488a-85ce-a31acc4ddfd0
128,16,4,8,16,8,8,0.0005,0.16012954711914062,True,Completed,0.6712104427187068,logs/3DVit_e100_gmwm_sv128_72e6276b-2c25-4afe-b788-98ee6153cfce
128,16,8,32,16,4,32,0.0005,0.9070167541503906,True,Completed,0.6750981141077844,logs/3DVit_e100_gmwm_sv128_56f9c345-ccad-438b-a87a-41e86c0a3a30
128,16,4,16,8,16,16,0.0005,0.3287696838378906,True,Completed,0.6742374089203383,logs/3DVit_e100_gmwm_sv128_57a6b034-4018-4042-a012-8b8a56d9b72e
128,16,8,128,64,64,128,0.0005,7.518589019775391,True,Completed,0.677591008575339,logs/3DVit_e100_gmwm_sv128_8d5db215-95fc-40cd-98aa-824c89a6a03f
128,16,16,64,64,8,64,0.0005,4.253452301025391,True,Completed,0.6730286988772847,logs/3DVit_e100_gmwm_sv128_df063703-7fe0-4e91-9e8e-2572a4aaad9d
128,16,8,64,8,32,64,0.0005,2.2734718322753906,True,Completed,0.676874658779094,logs/3DVit_e100_gmwm_sv128_fa375d3d-1f87-4ea1-ac73-708d7f32895e
128,16,8,32,128,32,32,0.0005,1.3513526916503906,True,Completed,0.6761488075319091,logs/3DVit_e100_gmwm_sv128_9c914cd6-8fc8-481e-9b3c-9776250e4988
128,16,4,32,16,8,32,0.0005,0.7414894104003906,True,Completed,0.674382466234659,logs/3DVit_e100_gmwm_sv128_8d70cb67-d6d2-471f-b028-a59aacdceec9
128,16,4,64,32,8,64,0.0005,1.8188819885253906,True,Completed,0.6759837230569437,logs/3DVit_e100_gmwm_sv128_546909f1-e807-45b8-8180-56f5c5b6ef8e
128,16,8,64,32,4,64,0.0005,2.4624366760253906,True,Completed,0.676454898558165,logs/3DVit_e100_gmwm_sv128_38bb37fd-13d7-488a-85ce-a31acc4ddfd0
128,16,4,8,16,8,8,0.0005,0.16012954711914062,True,Completed,0.6712209174507543,logs/3DVit_e100_gmwm_sv128_72e6276b-2c25-4afe-b788-98ee6153cfce
128,16,4,16,8,16,16,0.0005,0.3287696838378906,True,Completed,0.6744515448808671,logs/3DVit_e100_gmwm_sv128_57a6b034-4018-4042-a012-8b8a56d9b72e
128,16,8,32,16,4,32,0.0005,0.9070167541503906,True,Completed,0.6756994787015415,logs/3DVit_e100_gmwm_sv128_56f9c345-ccad-438b-a87a-41e86c0a3a30
128,16,8,128,64,64,128,0.0005,7.518589019775391,True,Completed,0.6775518930272054,logs/3DVit_e100_gmwm_sv128_8d5db215-95fc-40cd-98aa-824c89a6a03f
128,16,8,64,8,32,64,0.0005,2.2734718322753906,True,Completed,0.6770859525391927,logs/3DVit_e100_gmwm_sv128_fa375d3d-1f87-4ea1-ac73-708d7f32895e
128,16,16,64,64,8,64,0.0005,4.253452301025391,True,Completed,0.6752128781456698,logs/3DVit_e100_gmwm_sv128_df063703-7fe0-4e91-9e8e-2572a4aaad9d
128,16,8,32,128,32,32,0.0005,1.3513526916503906,True,Completed,0.6744813942595529,logs/3DVit_e100_gmwm_sv128_9c914cd6-8fc8-481e-9b3c-9776250e4988
128,16,4,32,16,8,32,0.0005,0.7414894104003906,True,Completed,0.6744829086880937,logs/3DVit_e100_gmwm_sv128_8d70cb67-d6d2-471f-b028-a59aacdceec9
128,16,4,64,32,8,64,0.0005,1.8188819885253906,True,Completed,0.6764088790667685,logs/3DVit_e100_gmwm_sv128_546909f1-e807-45b8-8180-56f5c5b6ef8e
128,16,4,8,16,8,8,0.0005,0.16012954711914062,True,Completed,0.6713054768348995,logs/3DVit_e100_gmwm_sv128_72e6276b-2c25-4afe-b788-98ee6153cfce
128,16,8,64,32,4,64,0.0005,2.4624366760253906,True,Completed,0.6765835716536169,logs/3DVit_e100_gmwm_sv128_38bb37fd-13d7-488a-85ce-a31acc4ddfd0
128,16,4,16,8,16,16,0.0005,0.3287696838378906,True,Completed,0.6743713633010263,logs/3DVit_e100_gmwm_sv128_57a6b034-4018-4042-a012-8b8a56d9b72e
128,16,8,32,16,4,32,0.0005,0.9070167541503906,True,Completed,0.6760309487581255,logs/3DVit_e100_gmwm_sv128_56f9c345-ccad-438b-a87a-41e86c0a3a30
128,16,8,128,64,64,128,0.0005,7.518589019775391,True,Completed,0.6756634406353299,logs/3DVit_e100_gmwm_sv128_8d5db215-95fc-40cd-98aa-824c89a6a03f
128,16,8,64,8,32,64,0.0005,2.2734718322753906,True,Completed,0.674949877356228,logs/3DVit_e100_gmwm_sv128_fa375d3d-1f87-4ea1-ac73-708d7f32895e
128,16,8,32,128,32,32,0.0005,1.3513526916503906,True,Completed,0.6762270794103018,logs/3DVit_e100_gmwm_sv128_9c914cd6-8fc8-481e-9b3c-9776250e4988
128,16,16,64,64,8,64,0.0005,4.253452301025391,True,Completed,0.6733595979841132,logs/3DVit_e100_gmwm_sv128_df063703-7fe0-4e91-9e8e-2572a4aaad9d
128,16,4,64,32,8,64,0.0005,1.8188819885253906,True,Completed,0.6764662399103767,logs/3DVit_e100_gmwm_sv128_546909f1-e807-45b8-8180-56f5c5b6ef8e
128,16,8,64,32,4,64,0.0005,2.4624366760253906,True,Completed,0.6746660102354851,logs/3DVit_e100_gmwm_sv128_38bb37fd-13d7-488a-85ce-a31acc4ddfd0
128,16,8,32,16,4,32,0.0005,0.9070167541503906,True,Completed,0.6738964201588379,logs/3DVit_e100_gmwm_sv128_56f9c345-ccad-438b-a87a-41e86c0a3a30
128,16,8,128,64,64,128,0.0005,7.518589019775391,True,Completed,0.6777303712932687,logs/3DVit_e100_gmwm_sv128_8d5db215-95fc-40cd-98aa-824c89a6a03f
128,16,8,64,8,32,64,0.0005,2.2734718322753906,True,Completed,0.6769700513074272,logs/3DVit_e100_gmwm_sv128_fa375d3d-1f87-4ea1-ac73-708d7f32895e
128,16,8,32,128,32,32,0.0005,1.3513526916503906,True,Completed,0.6761434658577568,logs/3DVit_e100_gmwm_sv128_9c914cd6-8fc8-481e-9b3c-9776250e4988
128,16,16,64,64,8,64,0.0005,4.253452301025391,True,Completed,0.6739216658629869,logs/3DVit_e100_gmwm_sv128_df063703-7fe0-4e91-9e8e-2572a4aaad9d
128,16,8,64,32,4,64,0.0005,2.4624366760253906,True,Completed,0.676618135289142,logs/3DVit_e100_gmwm_sv128_38bb37fd-13d7-488a-85ce-a31acc4ddfd0
128,16,8,32,16,4,32,0.0005,0.9070167541503906,True,Completed,0.6758150568133906,logs/3DVit_e100_gmwm_sv128_56f9c345-ccad-438b-a87a-41e86c0a3a30
128,16,8,128,64,64,128,0.0005,7.518589019775391,True,Completed,0.676993819443803,logs/3DVit_e100_gmwm_sv128_8d5db215-95fc-40cd-98aa-824c89a6a03f
128,16,8,64,8,32,64,0.0005,2.2734718322753906,True,Completed,0.6760131010883732,logs/3DVit_e100_gmwm_sv128_fa375d3d-1f87-4ea1-ac73-708d7f32895e
128,16,8,32,128,32,32,0.0005,1.3513526916503906,True,Completed,0.6751911153918817,logs/3DVit_e100_gmwm_sv128_9c914cd6-8fc8-481e-9b3c-9776250e4988
128,16,16,64,64,8,64,0.0005,4.253452301025391,True,Completed,0.6749569781516728,logs/3DVit_e100_gmwm_sv128_df063703-7fe0-4e91-9e8e-2572a4aaad9d
128,16,8,64,32,4,64,0.0005,2.4624366760253906,True,Completed,0.6759961608209109,logs/3DVit_e100_gmwm_sv128_38bb37fd-13d7-488a-85ce-a31acc4ddfd0
128,16,8,32,16,4,32,0.0005,0.9070167541503906,True,Completed,0.675236846271314,logs/3DVit_e100_gmwm_sv128_56f9c345-ccad-438b-a87a-41e86c0a3a30
128,16,8,128,64,64,128,0.0005,7.518589019775391,True,Completed,0.6762956561226594,logs/3DVit_e100_gmwm_sv128_8d5db215-95fc-40cd-98aa-824c89a6a03f
128,16,8,64,8,32,64,0.0005,2.2734718322753906,True,Completed,0.6758962642205393,logs/3DVit_e100_gmwm_sv128_fa375d3d-1f87-4ea1-ac73-708d7f32895e
128,16,8,32,128,32,32,0.0005,1.3513526916503906,True,Completed,0.6752126185517561,logs/3DVit_e100_gmwm_sv128_9c914cd6-8fc8-481e-9b3c-9776250e4988
128,16,8,64,32,4,64,0.0005,2.4624366760253906,True,Completed,0.6753681984386946,logs/3DVit_e100_gmwm_sv128_38bb37fd-13d7-488a-85ce-a31acc4ddfd0
128,16,16,64,64,8,64,0.0005,4.253452301025391,True,Completed,0.6727833245929921,logs/3DVit_e100_gmwm_sv128_df063703-7fe0-4e91-9e8e-2572a4aaad9d
128,16,8,32,16,4,32,0.0005,0.9070167541503906,True,Completed,0.6746300011873246,logs/3DVit_e100_gmwm_sv128_56f9c345-ccad-438b-a87a-41e86c0a3a30
128,16,8,128,64,64,128,0.0005,7.518589019775391,True,Completed,0.6766516401579508,logs/3DVit_e100_gmwm_sv128_8d5db215-95fc-40cd-98aa-824c89a6a03f
128,16,8,64,8,32,64,0.0005,2.2734718322753906,True,Completed,0.675738679735284,logs/3DVit_e100_gmwm_sv128_fa375d3d-1f87-4ea1-ac73-708d7f32895e
128,16,8,32,128,32,32,0.0005,1.3513526916503906,True,Completed,0.6749479778503117,logs/3DVit_e100_gmwm_sv128_9c914cd6-8fc8-481e-9b3c-9776250e4988
128,16,8,64,32,4,64,0.0005,2.4624366760253906,True,Completed,0.6752111284356369,logs/3DVit_e100_gmwm_sv128_38bb37fd-13d7-488a-85ce-a31acc4ddfd0
128,16,8,32,16,4,32,0.0005,0.9070167541503906,True,Completed,0.6747800472535586,logs/3DVit_e100_gmwm_sv128_56f9c345-ccad-438b-a87a-41e86c0a3a30
128,16,16,64,64,8,64,0.0005,4.253452301025391,True,Completed,0.6749573663661352,logs/3DVit_e100_gmwm_sv128_df063703-7fe0-4e91-9e8e-2572a4aaad9d
128,16,8,128,64,64,128,0.0005,7.518589019775391,True,Completed,0.6765585000577726,logs/3DVit_e100_gmwm_sv128_8d5db215-95fc-40cd-98aa-824c89a6a03f
128,16,8,64,8,32,64,0.0005,2.2734718322753906,True,Completed,0.6760259537320388,logs/3DVit_e100_gmwm_sv128_fa375d3d-1f87-4ea1-ac73-708d7f32895e
128,16,8,64,32,4,64,0.0005,2.4624366760253906,True,Completed,0.6757474667147585,logs/3DVit_e100_gmwm_sv128_38bb37fd-13d7-488a-85ce-a31acc4ddfd0
128,16,8,32,16,4,32,0.0005,0.9070167541503906,True,Completed,0.6747097098513654,logs/3DVit_e100_gmwm_sv128_56f9c345-ccad-438b-a87a-41e86c0a3a30
128,16,16,64,64,8,64,0.0005,4.253452301025391,True,Completed,0.6716007613822031,logs/3DVit_e100_gmwm_sv128_df063703-7fe0-4e91-9e8e-2572a4aaad9d
128,16,16,64,64,8,64,0.0005,4.253452301025391,True,Completed,0.6736028296382799,logs/3DVit_e100_gmwm_sv128_df063703-7fe0-4e91-9e8e-2572a4aaad9d
128,16,16,64,64,8,64,0.0005,4.253452301025391,True,Completed,0.6717016587131902,logs/3DVit_e100_gmwm_sv128_df063703-7fe0-4e91-9e8e-2572a4aaad9d
128,16,16,64,64,8,64,0.0005,4.253452301025391,True,Completed,0.674650751446423,logs/3DVit_e100_gmwm_sv128_df063703-7fe0-4e91-9e8e-2572a4aaad9d
128,16,16,64,64,8,64,0.0005,4.253452301025391,True,Completed,0.676115393638611,logs/3DVit_e100_gmwm_sv128_df063703-7fe0-4e91-9e8e-2572a4aaad9d
128,16,16,64,64,8,64,0.0005,4.253452301025391,True,Completed,0.6734397419189153,logs/3DVit_e100_gmwm_sv128_df063703-7fe0-4e91-9e8e-2572a4aaad9d
128,16,16,64,64,8,64,0.0005,4.253452301025391,True,Completed,0.674924732823121,logs/3DVit_e100_gmwm_sv128_df063703-7fe0-4e91-9e8e-2572a4aaad9d
128,16,16,64,64,8,64,0.0005,4.253452301025391,True,Completed,0.6752841723592659,logs/3DVit_e100_gmwm_sv128_df063703-7fe0-4e91-9e8e-2572a4aaad9d
128,16,16,64,64,8,64,0.0005,4.253452301025391,True,Completed,0.6744992882013323,logs/3DVit_e100_gmwm_sv128_df063703-7fe0-4e91-9e8e-2572a4aaad9d
128,16,16,64,64,8,64,0.0005,4.253452301025391,True,Completed,0.6741253647365069,logs/3DVit_e100_gmwm_sv128_df063703-7fe0-4e91-9e8e-2572a4aaad9d
128,16,16,64,64,8,64,0.0005,4.253452301025391,True,Completed,0.6753084204698863,logs/3DVit_e100_gmwm_sv128_df063703-7fe0-4e91-9e8e-2572a4aaad9d
128,16,16,64,64,8,64,0.0005,4.253452301025391,True,Completed,0.6753781351603957,logs/3DVit_e100_gmwm_sv128_df063703-7fe0-4e91-9e8e-2572a4aaad9d
128,16,16,64,64,8,64,0.0005,4.253452301025391,True,Completed,0.6732975668028781,logs/3DVit_e100_gmwm_sv128_df063703-7fe0-4e91-9e8e-2572a4aaad9d
128,16,16,64,64,8,64,0.0005,4.253452301025391,True,Completed,0.675303407405552,logs/3DVit_e100_gmwm_sv128_df063703-7fe0-4e91-9e8e-2572a4aaad9d
128,16,16,64,64,8,64,0.0005,4.253452301025391,True,Completed,0.6752235928648396,logs/3DVit_e100_gmwm_sv128_df063703-7fe0-4e91-9e8e-2572a4aaad9d
128,16,16,64,64,8,64,0.0005,4.253452301025391,True,Completed,0.6745929710174862,logs/3DVit_e100_gmwm_sv128_df063703-7fe0-4e91-9e8e-2572a4aaad9d
128,16,16,64,64,8,64,0.0005,4.253452301025391,True,Completed,0.6744890205169979,logs/3DVit_e100_gmwm_sv128_df063703-7fe0-4e91-9e8e-2572a4aaad9d
128,16,16,64,64,8,64,0.0005,4.253452301025391,True,Completed,0.674179262236545,logs/3DVit_e100_gmwm_sv128_df063703-7fe0-4e91-9e8e-2572a4aaad9d
128,16,4,16,64,4,16,0.0005,0.3851661682128906,True,Completed,0.6708604387546838,logs/3DVit_e100_gmwm_sv128_362a9881-6253-4a93-972b-a4873b1674a1
128,16,4,16,64,4,16,0.0005,0.3851661682128906,True,Completed,0.6704437168020949,logs/3DVit_e100_gmwm_sv128_362a9881-6253-4a93-972b-a4873b1674a1
128,16,4,16,64,4,16,0.0005,0.3851661682128906,True,Completed,0.6720309139866578,logs/3DVit_e100_gmwm_sv128_362a9881-6253-4a93-972b-a4873b1674a1
128,16,8,64,128,4,64,0.0005,3.2182960510253906,True,Completed,0.6709767234952824,logs/3DVit_e100_gmwm_sv128_b6e0ca62-0920-418a-bc3f-cfe8f28e82ef
128,16,4,16,64,4,16,0.0005,0.3851661682128906,True,Completed,0.6701764770244297,logs/3DVit_e100_gmwm_sv128_362a9881-6253-4a93-972b-a4873b1674a1
128,16,8,256,8,64,256,0.0005,21.65481948852539,True,Completed,0.6726644494031603,logs/3DVit_e100_gmwm_sv128_b24017e5-80cb-4bd7-a95e-1c4d39449f6e
128,16,4,16,64,4,16,0.0005,0.3851661682128906,True,Completed,0.6739398492010015,logs/3DVit_e100_gmwm_sv128_362a9881-6253-4a93-972b-a4873b1674a1
128,16,8,64,128,4,64,0.0005,3.2182960510253906,True,Completed,0.6728284225652094,logs/3DVit_e100_gmwm_sv128_b6e0ca62-0920-418a-bc3f-cfe8f28e82ef
128,16,8,64,128,4,64,0.0005,3.2182960510253906,True,Completed,0.6700283571293478,logs/3DVit_e100_gmwm_sv128_b6e0ca62-0920-418a-bc3f-cfe8f28e82ef
128,16,4,16,64,4,16,0.0005,0.3851661682128906,True,Completed,0.6755403617494984,logs/3DVit_e100_gmwm_sv128_362a9881-6253-4a93-972b-a4873b1674a1
128,16,8,256,8,64,256,0.0005,21.65481948852539,True,Completed,0.6708375403755589,logs/3DVit_e100_gmwm_sv128_b24017e5-80cb-4bd7-a95e-1c4d39449f6e
128,16,4,16,64,4,16,0.0005,0.3851661682128906,True,Completed,0.6715290718956998,logs/3DVit_e100_gmwm_sv128_362a9881-6253-4a93-972b-a4873b1674a1
128,16,16,32,16,16,32,0.0005,1.2380714416503906,True,Completed,0.6724277413205096,logs/3DVit_e100_gmwm_sv128_3974f005-2079-4a04-bdee-1b9e151de93e
128,16,8,64,128,4,64,0.0005,3.2182960510253906,True,Completed,0.6705022932667483,logs/3DVit_e100_gmwm_sv128_b6e0ca62-0920-418a-bc3f-cfe8f28e82ef
128,16,8,256,8,64,256,0.0005,21.65481948852539,True,Completed,0.6707899437138911,logs/3DVit_e100_gmwm_sv128_b24017e5-80cb-4bd7-a95e-1c4d39449f6e
128,16,4,16,64,4,16,0.0005,0.3851661682128906,True,Completed,0.6728386839753706,logs/3DVit_e100_gmwm_sv128_362a9881-6253-4a93-972b-a4873b1674a1
128,16,8,256,8,64,256,0.0005,21.65481948852539,True,Completed,0.6736078262329102,logs/3DVit_e100_gmwm_sv128_b24017e5-80cb-4bd7-a95e-1c4d39449f6e
128,16,4,16,64,4,16,0.0005,0.3851661682128906,True,Completed,0.6703848925076034,logs/3DVit_e100_gmwm_sv128_362a9881-6253-4a93-972b-a4873b1674a1
128,16,8,256,8,64,256,0.0005,21.65481948852539,True,Completed,0.6707599939484344,logs/3DVit_e100_gmwm_sv128_b24017e5-80cb-4bd7-a95e-1c4d39449f6e
128,16,8,64,128,4,64,0.0005,3.2182960510253906,True,Completed,0.6750784445750085,logs/3DVit_e100_gmwm_sv128_b6e0ca62-0920-418a-bc3f-cfe8f28e82ef
128,16,8,256,8,64,256,0.0005,21.65481948852539,True,Completed,0.6708417150535081,logs/3DVit_e100_gmwm_sv128_b24017e5-80cb-4bd7-a95e-1c4d39449f6e
128,16,4,16,64,4,16,0.0005,0.3851661682128906,True,Completed,0.6744822820550515,logs/3DVit_e100_gmwm_sv128_362a9881-6253-4a93-972b-a4873b1674a1
128,16,8,64,128,4,64,0.0005,3.2182960510253906,True,Completed,0.6733956384031398,logs/3DVit_e100_gmwm_sv128_b6e0ca62-0920-418a-bc3f-cfe8f28e82ef
128,16,8,256,8,64,256,0.0005,21.65481948852539,True,Completed,0.675728595570514,logs/3DVit_e100_gmwm_sv128_b24017e5-80cb-4bd7-a95e-1c4d39449f6e
128,16,8,64,128,4,64,0.0005,3.2182960510253906,True,Completed,0.673049382473293,logs/3DVit_e100_gmwm_sv128_b6e0ca62-0920-418a-bc3f-cfe8f28e82ef
128,16,8,256,8,64,256,0.0005,21.65481948852539,True,Completed,0.672110359135427,logs/3DVit_e100_gmwm_sv128_b24017e5-80cb-4bd7-a95e-1c4d39449f6e
128,16,4,16,64,4,16,0.0005,0.3851661682128906,True,Completed,0.6714711001044825,logs/3DVit_e100_gmwm_sv128_362a9881-6253-4a93-972b-a4873b1674a1
128,16,8,64,128,4,64,0.0005,3.2182960510253906,True,Completed,0.6748416227729697,logs/3DVit_e100_gmwm_sv128_b6e0ca62-0920-418a-bc3f-cfe8f28e82ef
128,16,8,256,8,64,256,0.0005,21.65481948852539,True,Completed,0.6724304933297004,logs/3DVit_e100_gmwm_sv128_b24017e5-80cb-4bd7-a95e-1c4d39449f6e
128,16,16,32,16,16,32,0.0005,1.2380714416503906,True,Completed,0.6734939256781027,logs/3DVit_e100_gmwm_sv128_3974f005-2079-4a04-bdee-1b9e151de93e
128,16,4,16,64,4,16,0.0005,0.3851661682128906,True,Completed,0.6740767893038299,logs/3DVit_e100_gmwm_sv128_362a9881-6253-4a93-972b-a4873b1674a1
128,16,8,64,128,4,64,0.0005,3.2182960510253906,True,Completed,0.6740154184793171,logs/3DVit_e100_gmwm_sv128_b6e0ca62-0920-418a-bc3f-cfe8f28e82ef
128,16,16,32,16,16,32,0.0005,1.2380714416503906,True,Completed,0.6736467104209095,logs/3DVit_e100_gmwm_sv128_3974f005-2079-4a04-bdee-1b9e151de93e
128,16,4,16,64,4,16,0.0005,0.3851661682128906,True,Completed,0.6710374449428759,logs/3DVit_e100_gmwm_sv128_362a9881-6253-4a93-972b-a4873b1674a1
128,16,8,64,128,4,64,0.0005,3.2182960510253906,True,Completed,0.6708468951677021,logs/3DVit_e100_gmwm_sv128_b6e0ca62-0920-418a-bc3f-cfe8f28e82ef
128,16,4,16,64,4,16,0.0005,0.3851661682128906,True,Completed,0.6724855037111982,logs/3DVit_e100_gmwm_sv128_362a9881-6253-4a93-972b-a4873b1674a1
128,16,16,32,16,16,32,0.0005,1.2380714416503906,True,Completed,0.6708514909995229,logs/3DVit_e100_gmwm_sv128_3974f005-2079-4a04-bdee-1b9e151de93e
128,16,8,64,128,4,64,0.0005,3.2182960510253906,True,Completed,0.6701569204267703,logs/3DVit_e100_gmwm_sv128_b6e0ca62-0920-418a-bc3f-cfe8f28e82ef
128,16,4,16,64,4,16,0.0005,0.3851661682128906,True,Completed,0.671289472203506,logs/3DVit_e100_gmwm_sv128_362a9881-6253-4a93-972b-a4873b1674a1
128,16,16,32,16,16,32,0.0005,1.2380714416503906,True,Completed,0.6723194451708541,logs/3DVit_e100_gmwm_sv128_3974f005-2079-4a04-bdee-1b9e151de93e
128,16,4,16,64,4,16,0.0005,0.3851661682128906,True,Completed,0.6734297730420765,logs/3DVit_e100_gmwm_sv128_362a9881-6253-4a93-972b-a4873b1674a1
128,16,16,32,16,16,32,0.0005,1.2380714416503906,True,Completed,0.6707947763957477,logs/3DVit_e100_gmwm_sv128_3974f005-2079-4a04-bdee-1b9e151de93e
128,16,4,16,64,4,16,0.0005,0.3851661682128906,True,Completed,0.6701412938143076,logs/3DVit_e100_gmwm_sv128_362a9881-6253-4a93-972b-a4873b1674a1
128,16,8,64,128,4,64,0.0005,3.2182960510253906,True,Completed,0.670757947783721,logs/3DVit_e100_gmwm_sv128_b6e0ca62-0920-418a-bc3f-cfe8f28e82ef
128,16,8,256,8,64,256,0.0005,21.65481948852539,True,Completed,0.6725273461718307,logs/3DVit_e100_gmwm_sv128_b24017e5-80cb-4bd7-a95e-1c4d39449f6e
128,16,4,16,64,4,16,0.0005,0.3851661682128906,True,Completed,0.6717209321887866,logs/3DVit_e100_gmwm_sv128_362a9881-6253-4a93-972b-a4873b1674a1
128,16,16,32,16,16,32,0.0005,1.2380714416503906,True,Completed,0.6759391481939117,logs/3DVit_e100_gmwm_sv128_3974f005-2079-4a04-bdee-1b9e151de93e
128,16,8,64,128,4,64,0.0005,3.2182960510253906,True,Completed,0.6718779072949763,logs/3DVit_e100_gmwm_sv128_b6e0ca62-0920-418a-bc3f-cfe8f28e82ef
128,16,8,256,8,64,256,0.0005,21.65481948852539,True,Completed,0.6779667648829912,logs/3DVit_e100_gmwm_sv128_b24017e5-80cb-4bd7-a95e-1c4d39449f6e
128,16,4,16,64,4,16,0.0005,0.3851661682128906,True,Completed,0.6714249049362383,logs/3DVit_e100_gmwm_sv128_362a9881-6253-4a93-972b-a4873b1674a1
128,16,8,64,128,4,64,0.0005,3.2182960510253906,True,Completed,0.6732316966119564,logs/3DVit_e100_gmwm_sv128_b6e0ca62-0920-418a-bc3f-cfe8f28e82ef
128,16,4,16,64,4,16,0.0005,0.3851661682128906,True,Completed,0.6718690034590268,logs/3DVit_e100_gmwm_sv128_362a9881-6253-4a93-972b-a4873b1674a1
128,16,16,32,16,16,32,0.0005,1.2380714416503906,True,Completed,0.671797803358028,logs/3DVit_e100_gmwm_sv128_3974f005-2079-4a04-bdee-1b9e151de93e
128,16,4,16,64,4,16,0.0005,0.3851661682128906,True,Completed,0.6772917140471307,logs/3DVit_e100_gmwm_sv128_362a9881-6253-4a93-972b-a4873b1674a1
128,16,8,256,8,64,256,0.0005,21.65481948852539,True,Completed,0.6734968863035503,logs/3DVit_e100_gmwm_sv128_b24017e5-80cb-4bd7-a95e-1c4d39449f6e
128,16,8,64,128,4,64,0.0005,3.2182960510253906,True,Completed,0.6775832215422076,logs/3DVit_e100_gmwm_sv128_b6e0ca62-0920-418a-bc3f-cfe8f28e82ef
128,16,16,32,16,16,32,0.0005,1.2380714416503906,True,Completed,0.6727710899553799,logs/3DVit_e100_gmwm_sv128_3974f005-2079-4a04-bdee-1b9e151de93e
128,16,4,16,64,4,16,0.0005,0.3851661682128906,True,Completed,0.6700720598823146,logs/3DVit_e100_gmwm_sv128_362a9881-6253-4a93-972b-a4873b1674a1
128,16,8,256,8,64,256,0.0005,21.65481948852539,True,Completed,0.6741891644502941,logs/3DVit_e100_gmwm_sv128_b24017e5-80cb-4bd7-a95e-1c4d39449f6e
128,16,16,32,16,16,32,0.0005,1.2380714416503906,True,Completed,0.6754816472530367,logs/3DVit_e100_gmwm_sv128_3974f005-2079-4a04-bdee-1b9e151de93e
128,16,4,16,64,4,16,0.0005,0.3851661682128906,True,Completed,0.6743977799227363,logs/3DVit_e100_gmwm_sv128_362a9881-6253-4a93-972b-a4873b1674a1
128,16,8,256,8,64,256,0.0005,21.65481948852539,True,Completed,0.6731430747007068,logs/3DVit_e100_gmwm_sv128_b24017e5-80cb-4bd7-a95e-1c4d39449f6e
128,16,8,64,128,4,64,0.0005,3.2182960510253906,True,Completed,0.6718741725934176,logs/3DVit_e100_gmwm_sv128_b6e0ca62-0920-418a-bc3f-cfe8f28e82ef
128,16,16,32,16,16,32,0.0005,1.2380714416503906,True,Completed,0.6722675012914758,logs/3DVit_e100_gmwm_sv128_3974f005-2079-4a04-bdee-1b9e151de93e
128,16,4,16,64,4,16,0.0005,0.3851661682128906,True,Completed,0.6740918402609074,logs/3DVit_e100_gmwm_sv128_362a9881-6253-4a93-972b-a4873b1674a1
128,16,8,256,8,64,256,0.0005,21.65481948852539,True,Completed,0.6741310326676618,logs/3DVit_e100_gmwm_sv128_b24017e5-80cb-4bd7-a95e-1c4d39449f6e
128,16,8,64,128,4,64,0.0005,3.2182960510253906,True,Completed,0.6747584280214811,logs/3DVit_e100_gmwm_sv128_b6e0ca62-0920-418a-bc3f-cfe8f28e82ef
128,16,16,32,16,16,32,0.0005,1.2380714416503906,True,Completed,0.6724326571351605,logs/3DVit_e100_gmwm_sv128_3974f005-2079-4a04-bdee-1b9e151de93e
128,16,4,16,64,4,16,0.0005,0.3851661682128906,True,Completed,0.6722569920514757,logs/3DVit_e100_gmwm_sv128_362a9881-6253-4a93-972b-a4873b1674a1
128,16,8,64,128,4,64,0.0005,3.2182960510253906,True,Completed,0.6727848264731859,logs/3DVit_e100_gmwm_sv128_b6e0ca62-0920-418a-bc3f-cfe8f28e82ef
128,16,4,16,64,4,16,0.0005,0.3851661682128906,True,Completed,0.6736967273448644,logs/3DVit_e100_gmwm_sv128_362a9881-6253-4a93-972b-a4873b1674a1
128,16,16,32,16,16,32,0.0005,1.2380714416503906,True,Completed,0.6732351058407835,logs/3DVit_e100_gmwm_sv128_3974f005-2079-4a04-bdee-1b9e151de93e
128,16,8,256,8,64,256,0.0005,21.65481948852539,True,Completed,0.6731029019543998,logs/3DVit_e100_gmwm_sv128_b24017e5-80cb-4bd7-a95e-1c4d39449f6e
128,16,8,64,128,4,64,0.0005,3.2182960510253906,True,Completed,0.6732794665976571,logs/3DVit_e100_gmwm_sv128_b6e0ca62-0920-418a-bc3f-cfe8f28e82ef
128,16,4,16,64,4,16,0.0005,0.3851661682128906,True,Completed,0.6710813100400725,logs/3DVit_e100_gmwm_sv128_362a9881-6253-4a93-972b-a4873b1674a1
128,16,16,32,16,16,32,0.0005,1.2380714416503906,True,Completed,0.6724300768814588,logs/3DVit_e100_gmwm_sv128_3974f005-2079-4a04-bdee-1b9e151de93e
128,16,8,256,8,64,256,0.0005,21.65481948852539,True,Completed,0.6747039180052908,logs/3DVit_e100_gmwm_sv128_b24017e5-80cb-4bd7-a95e-1c4d39449f6e
128,16,8,64,128,4,64,0.0005,3.2182960510253906,True,Completed,0.6740234258927796,logs/3DVit_e100_gmwm_sv128_b6e0ca62-0920-418a-bc3f-cfe8f28e82ef
128,16,4,16,64,4,16,0.0005,0.3851661682128906,True,Completed,0.6716402400481071,logs/3DVit_e100_gmwm_sv128_362a9881-6253-4a93-972b-a4873b1674a1
128,16,8,256,8,64,256,0.0005,21.65481948852539,True,Completed,0.6741575904582677,logs/3DVit_e100_gmwm_sv128_b24017e5-80cb-4bd7-a95e-1c4d39449f6e
128,16,16,32,16,16,32,0.0005,1.2380714416503906,True,Completed,0.6729912499063893,logs/3DVit_e100_gmwm_sv128_3974f005-2079-4a04-bdee-1b9e151de93e
128,16,8,64,128,4,64,0.0005,3.2182960510253906,True,Completed,0.6726260859715313,logs/3DVit_e100_gmwm_sv128_b6e0ca62-0920-418a-bc3f-cfe8f28e82ef
128,16,4,16,64,4,16,0.0005,0.3851661682128906,True,Completed,0.6721887384590354,logs/3DVit_e100_gmwm_sv128_362a9881-6253-4a93-972b-a4873b1674a1
128,16,8,256,8,64,256,0.0005,21.65481948852539,True,Completed,0.6751452653031602,logs/3DVit_e100_gmwm_sv128_b24017e5-80cb-4bd7-a95e-1c4d39449f6e
128,16,16,32,16,16,32,0.0005,1.2380714416503906,True,Completed,0.6719018565981009,logs/3DVit_e100_gmwm_sv128_3974f005-2079-4a04-bdee-1b9e151de93e
128,16,8,64,128,4,64,0.0005,3.2182960510253906,True,Completed,0.6739173217823629,logs/3DVit_e100_gmwm_sv128_b6e0ca62-0920-418a-bc3f-cfe8f28e82ef
128,16,4,16,64,4,16,0.0005,0.3851661682128906,True,Completed,0.673650015341608,logs/3DVit_e100_gmwm_sv128_362a9881-6253-4a93-972b-a4873b1674a1
128,16,8,256,8,64,256,0.0005,21.65481948852539,True,Completed,0.675667456106136,logs/3DVit_e100_gmwm_sv128_b24017e5-80cb-4bd7-a95e-1c4d39449f6e
128,16,16,32,16,16,32,0.0005,1.2380714416503906,True,Completed,0.6731776289249722,logs/3DVit_e100_gmwm_sv128_3974f005-2079-4a04-bdee-1b9e151de93e
128,16,4,16,64,4,16,0.0005,0.3851661682128906,True,Completed,0.6738560207580264,logs/3DVit_e100_gmwm_sv128_362a9881-6253-4a93-972b-a4873b1674a1
128,16,8,64,128,4,64,0.0005,3.2182960510253906,True,Completed,0.6748249766073731,logs/3DVit_e100_gmwm_sv128_b6e0ca62-0920-418a-bc3f-cfe8f28e82ef
128,16,8,256,8,64,256,0.0005,21.65481948852539,True,Completed,0.6744790743840365,logs/3DVit_e100_gmwm_sv128_b24017e5-80cb-4bd7-a95e-1c4d39449f6e
128,16,4,16,64,4,16,0.0005,0.3851661682128906,True,Completed,0.6735542165605646,logs/3DVit_e100_gmwm_sv128_362a9881-6253-4a93-972b-a4873b1674a1
128,16,8,64,128,4,64,0.0005,3.2182960510253906,True,Completed,0.6754745511632215,logs/3DVit_e100_gmwm_sv128_b6e0ca62-0920-418a-bc3f-cfe8f28e82ef
128,16,16,32,16,16,32,0.0005,1.2380714416503906,True,Completed,0.6744769929270994,logs/3DVit_e100_gmwm_sv128_3974f005-2079-4a04-bdee-1b9e151de93e
128,16,8,256,8,64,256,0.0005,21.65481948852539,True,Completed,0.67220397450422,logs/3DVit_e100_gmwm_sv128_b24017e5-80cb-4bd7-a95e-1c4d39449f6e
128,16,4,16,64,4,16,0.0005,0.3851661682128906,True,Completed,0.6743595302104952,logs/3DVit_e100_gmwm_sv128_362a9881-6253-4a93-972b-a4873b1674a1
128,16,8,64,128,4,64,0.0005,3.2182960510253906,True,Completed,0.6746456560335663,logs/3DVit_e100_gmwm_sv128_b6e0ca62-0920-418a-bc3f-cfe8f28e82ef
128,16,16,32,16,16,32,0.0005,1.2380714416503906,True,Completed,0.6784582490983766,logs/3DVit_e100_gmwm_sv128_3974f005-2079-4a04-bdee-1b9e151de93e
128,16,8,256,8,64,256,0.0005,21.65481948852539,True,Completed,0.6761827790423443,logs/3DVit_e100_gmwm_sv128_b24017e5-80cb-4bd7-a95e-1c4d39449f6e
128,16,4,16,64,4,16,0.0005,0.3851661682128906,True,Completed,0.6754915957388125,logs/3DVit_e100_gmwm_sv128_362a9881-6253-4a93-972b-a4873b1674a1
128,16,8,64,128,4,64,0.0005,3.2182960510253906,True,Completed,0.6753318772504202,logs/3DVit_e100_gmwm_sv128_b6e0ca62-0920-418a-bc3f-cfe8f28e82ef
128,16,16,32,16,16,32,0.0005,1.2380714416503906,True,Completed,0.6722052865906767,logs/3DVit_e100_gmwm_sv128_3974f005-2079-4a04-bdee-1b9e151de93e
128,16,8,256,8,64,256,0.0005,21.65481948852539,True,Completed,0.6763381291376919,logs/3DVit_e100_gmwm_sv128_b24017e5-80cb-4bd7-a95e-1c4d39449f6e
128,16,4,16,64,4,16,0.0005,0.3851661682128906,True,Completed,0.6760704517364502,logs/3DVit_e100_gmwm_sv128_362a9881-6253-4a93-972b-a4873b1674a1
128,16,8,64,128,4,64,0.0005,3.2182960510253906,True,Completed,0.6759520761276547,logs/3DVit_e100_gmwm_sv128_b6e0ca62-0920-418a-bc3f-cfe8f28e82ef
128,16,16,32,16,16,32,0.0005,1.2380714416503906,True,Completed,0.674889006897023,logs/3DVit_e100_gmwm_sv128_3974f005-2079-4a04-bdee-1b9e151de93e
128,16,8,256,8,64,256,0.0005,21.65481948852539,True,Completed,0.6777337295444389,logs/3DVit_e100_gmwm_sv128_b24017e5-80cb-4bd7-a95e-1c4d39449f6e
128,16,4,16,64,4,16,0.0005,0.3851661682128906,True,Completed,0.6754093476031956,logs/3DVit_e100_gmwm_sv128_362a9881-6253-4a93-972b-a4873b1674a1
128,16,8,64,128,4,64,0.0005,3.2182960510253906,True,Completed,0.6754903448255439,logs/3DVit_e100_gmwm_sv128_b6e0ca62-0920-418a-bc3f-cfe8f28e82ef
128,16,8,256,8,64,256,0.0005,21.65481948852539,True,Completed,0.6758908056899121,logs/3DVit_e100_gmwm_sv128_b24017e5-80cb-4bd7-a95e-1c4d39449f6e
128,16,16,32,16,16,32,0.0005,1.2380714416503906,True,Completed,0.6768232434988023,logs/3DVit_e100_gmwm_sv128_3974f005-2079-4a04-bdee-1b9e151de93e
128,16,4,16,64,4,16,0.0005,0.3851661682128906,True,Completed,0.6769343998871351,logs/3DVit_e100_gmwm_sv128_362a9881-6253-4a93-972b-a4873b1674a1
128,16,8,64,128,4,64,0.0005,3.2182960510253906,True,Completed,0.6766451173707062,logs/3DVit_e100_gmwm_sv128_b6e0ca62-0920-418a-bc3f-cfe8f28e82ef
128,16,8,256,8,64,256,0.0005,21.65481948852539,True,Completed,0.6769378828374962,logs/3DVit_e100_gmwm_sv128_b24017e5-80cb-4bd7-a95e-1c4d39449f6e
128,16,4,16,64,4,16,0.0005,0.3851661682128906,True,Completed,0.6739719572820162,logs/3DVit_e100_gmwm_sv128_362a9881-6253-4a93-972b-a4873b1674a1
128,16,16,32,16,16,32,0.0005,1.2380714416503906,True,Completed,0.6747373130760693,logs/3DVit_e100_gmwm_sv128_3974f005-2079-4a04-bdee-1b9e151de93e
128,16,8,64,128,4,64,0.0005,3.2182960510253906,True,Completed,0.676807283570892,logs/3DVit_e100_gmwm_sv128_b6e0ca62-0920-418a-bc3f-cfe8f28e82ef
128,16,8,256,8,64,256,0.0005,21.65481948852539,True,Completed,0.6757014370278308,logs/3DVit_e100_gmwm_sv128_b24017e5-80cb-4bd7-a95e-1c4d39449f6e
128,16,4,16,64,4,16,0.0005,0.3851661682128906,True,Completed,0.6754072739889749,logs/3DVit_e100_gmwm_sv128_362a9881-6253-4a93-972b-a4873b1674a1
128,16,16,32,16,16,32,0.0005,1.2380714416503906,True,Completed,0.6757978098957158,logs/3DVit_e100_gmwm_sv128_3974f005-2079-4a04-bdee-1b9e151de93e
128,16,8,64,128,4,64,0.0005,3.2182960510253906,True,Completed,0.6740823646909313,logs/3DVit_e100_gmwm_sv128_b6e0ca62-0920-418a-bc3f-cfe8f28e82ef
128,16,4,16,64,4,16,0.0005,0.3851661682128906,True,Completed,0.6733872780674385,logs/3DVit_e100_gmwm_sv128_362a9881-6253-4a93-972b-a4873b1674a1
128,16,8,256,8,64,256,0.0005,21.65481948852539,True,Completed,0.6776989455285826,logs/3DVit_e100_gmwm_sv128_b24017e5-80cb-4bd7-a95e-1c4d39449f6e
128,16,16,32,16,16,32,0.0005,1.2380714416503906,True,Completed,0.6740000357753353,logs/3DVit_e100_gmwm_sv128_3974f005-2079-4a04-bdee-1b9e151de93e
128,16,4,16,64,4,16,0.0005,0.3851661682128906,True,Completed,0.6742775667654839,logs/3DVit_e100_gmwm_sv128_362a9881-6253-4a93-972b-a4873b1674a1
128,16,8,64,128,4,64,0.0005,3.2182960510253906,True,Completed,0.6771668846669953,logs/3DVit_e100_gmwm_sv128_b6e0ca62-0920-418a-bc3f-cfe8f28e82ef
128,16,8,256,8,64,256,0.0005,21.65481948852539,True,Completed,0.6750413830343044,logs/3DVit_e100_gmwm_sv128_b24017e5-80cb-4bd7-a95e-1c4d39449f6e
128,16,16,32,16,16,32,0.0005,1.2380714416503906,True,Completed,0.6741776270301719,logs/3DVit_e100_gmwm_sv128_3974f005-2079-4a04-bdee-1b9e151de93e
128,16,4,16,64,4,16,0.0005,0.3851661682128906,True,Completed,0.672841381869818,logs/3DVit_e100_gmwm_sv128_362a9881-6253-4a93-972b-a4873b1674a1
128,16,8,64,128,4,64,0.0005,3.2182960510253906,True,Completed,0.6745081669405889,logs/3DVit_e100_gmwm_sv128_b6e0ca62-0920-418a-bc3f-cfe8f28e82ef
128,16,8,256,8,64,256,0.0005,21.65481948852539,True,Completed,0.6765703268741307,logs/3DVit_e100_gmwm_sv128_b24017e5-80cb-4bd7-a95e-1c4d39449f6e
128,16,16,32,16,16,32,0.0005,1.2380714416503906,True,Completed,0.672898852511456,logs/3DVit_e100_gmwm_sv128_3974f005-2079-4a04-bdee-1b9e151de93e
128,16,4,16,64,4,16,0.0005,0.3851661682128906,True,Completed,0.6753995489133033,logs/3DVit_e100_gmwm_sv128_362a9881-6253-4a93-972b-a4873b1674a1
128,16,8,256,8,64,256,0.0005,21.65481948852539,True,Completed,0.6781960882638629,logs/3DVit_e100_gmwm_sv128_b24017e5-80cb-4bd7-a95e-1c4d39449f6e
128,16,8,64,128,4,64,0.0005,3.2182960510253906,True,Completed,0.6758073152680146,logs/3DVit_e100_gmwm_sv128_b6e0ca62-0920-418a-bc3f-cfe8f28e82ef
128,16,4,16,64,4,16,0.0005,0.3851661682128906,True,Completed,0.6749565593506159,logs/3DVit_e100_gmwm_sv128_362a9881-6253-4a93-972b-a4873b1674a1
128,16,16,32,16,16,32,0.0005,1.2380714416503906,True,Completed,0.6740079537818304,logs/3DVit_e100_gmwm_sv128_3974f005-2079-4a04-bdee-1b9e151de93e
128,16,8,256,8,64,256,0.0005,21.65481948852539,True,Completed,0.6770070477535849,logs/3DVit_e100_gmwm_sv128_b24017e5-80cb-4bd7-a95e-1c4d39449f6e
128,16,8,64,128,4,64,0.0005,3.2182960510253906,True,Completed,0.6750286880292393,logs/3DVit_e100_gmwm_sv128_b6e0ca62-0920-418a-bc3f-cfe8f28e82ef
128,16,4,16,64,4,16,0.0005,0.3851661682128906,True,Completed,0.6745419031695314,logs/3DVit_e100_gmwm_sv128_362a9881-6253-4a93-972b-a4873b1674a1
128,16,8,256,8,64,256,0.0005,21.65481948852539,True,Completed,0.6778591808519866,logs/3DVit_e100_gmwm_sv128_b24017e5-80cb-4bd7-a95e-1c4d39449f6e
128,16,16,32,16,16,32,0.0005,1.2380714416503906,True,Completed,0.6750628869784504,logs/3DVit_e100_gmwm_sv128_3974f005-2079-4a04-bdee-1b9e151de93e
128,16,8,64,128,4,64,0.0005,3.2182960510253906,True,Completed,0.6765898591593694,logs/3DVit_e100_gmwm_sv128_b6e0ca62-0920-418a-bc3f-cfe8f28e82ef
128,16,4,16,64,4,16,0.0005,0.3851661682128906,True,Completed,0.6759926527738569,logs/3DVit_e100_gmwm_sv128_362a9881-6253-4a93-972b-a4873b1674a1
128,16,8,256,8,64,256,0.0005,21.65481948852539,True,Completed,0.6775273155224951,logs/3DVit_e100_gmwm_sv128_b24017e5-80cb-4bd7-a95e-1c4d39449f6e
128,16,16,32,16,16,32,0.0005,1.2380714416503906,True,Completed,0.6740992837830592,logs/3DVit_e100_gmwm_sv128_3974f005-2079-4a04-bdee-1b9e151de93e
128,16,8,64,128,4,64,0.0005,3.2182960510253906,True,Completed,0.6774611488768929,logs/3DVit_e100_gmwm_sv128_b6e0ca62-0920-418a-bc3f-cfe8f28e82ef
128,16,4,16,64,4,16,0.0005,0.3851661682128906,True,Completed,0.6750897663204293,logs/3DVit_e100_gmwm_sv128_362a9881-6253-4a93-972b-a4873b1674a1
128,16,8,256,8,64,256,0.0005,21.65481948852539,True,Completed,0.67635231582742,logs/3DVit_e100_gmwm_sv128_b24017e5-80cb-4bd7-a95e-1c4d39449f6e
128,16,8,64,128,4,64,0.0005,3.2182960510253906,True,Completed,0.676285328049409,logs/3DVit_e100_gmwm_sv128_b6e0ca62-0920-418a-bc3f-cfe8f28e82ef
128,16,16,32,16,16,32,0.0005,1.2380714416503906,True,Completed,0.675593914954286,logs/3DVit_e100_gmwm_sv128_3974f005-2079-4a04-bdee-1b9e151de93e
128,16,4,16,64,4,16,0.0005,0.3851661682128906,True,Completed,0.6746949906411925,logs/3DVit_e100_gmwm_sv128_362a9881-6253-4a93-972b-a4873b1674a1
128,16,8,256,8,64,256,0.0005,21.65481948852539,True,Completed,0.6760953790263122,logs/3DVit_e100_gmwm_sv128_b24017e5-80cb-4bd7-a95e-1c4d39449f6e
128,16,8,64,128,4,64,0.0005,3.2182960510253906,True,Completed,0.6768999350698371,logs/3DVit_e100_gmwm_sv128_b6e0ca62-0920-418a-bc3f-cfe8f28e82ef
128,16,4,16,64,4,16,0.0005,0.3851661682128906,True,Completed,0.6747421567377293,logs/3DVit_e100_gmwm_sv128_362a9881-6253-4a93-972b-a4873b1674a1
128,16,16,32,16,16,32,0.0005,1.2380714416503906,True,Completed,0.6767232880780575,logs/3DVit_e100_gmwm_sv128_3974f005-2079-4a04-bdee-1b9e151de93e
128,16,8,256,8,64,256,0.0005,21.65481948852539,True,Completed,0.6780387665096083,logs/3DVit_e100_gmwm_sv128_b24017e5-80cb-4bd7-a95e-1c4d39449f6e
128,16,8,64,128,4,64,0.0005,3.2182960510253906,True,Completed,0.6778702649630998,logs/3DVit_e100_gmwm_sv128_b6e0ca62-0920-418a-bc3f-cfe8f28e82ef
128,16,4,16,64,4,16,0.0005,0.3851661682128906,True,Completed,0.6751152920095542,logs/3DVit_e100_gmwm_sv128_362a9881-6253-4a93-972b-a4873b1674a1
128,16,16,32,16,16,32,0.0005,1.2380714416503906,True,Completed,0.6782456189393997,logs/3DVit_e100_gmwm_sv128_3974f005-2079-4a04-bdee-1b9e151de93e
128,16,8,256,8,64,256,0.0005,21.65481948852539,True,Completed,0.6776140724357806,logs/3DVit_e100_gmwm_sv128_b24017e5-80cb-4bd7-a95e-1c4d39449f6e
128,16,4,16,64,4,16,0.0005,0.3851661682128906,True,Completed,0.6755590697652413,logs/3DVit_e100_gmwm_sv128_362a9881-6253-4a93-972b-a4873b1674a1
128,16,8,64,128,4,64,0.0005,3.2182960510253906,True,Completed,0.6757339129322452,logs/3DVit_e100_gmwm_sv128_b6e0ca62-0920-418a-bc3f-cfe8f28e82ef
128,16,16,32,16,16,32,0.0005,1.2380714416503906,True,Completed,0.6761485102929565,logs/3DVit_e100_gmwm_sv128_3974f005-2079-4a04-bdee-1b9e151de93e
128,16,8,256,8,64,256,0.0005,21.65481948852539,True,Completed,0.675817713925713,logs/3DVit_e100_gmwm_sv128_b24017e5-80cb-4bd7-a95e-1c4d39449f6e
128,16,4,16,64,4,16,0.0005,0.3851661682128906,True,Completed,0.6735000610351564,logs/3DVit_e100_gmwm_sv128_362a9881-6253-4a93-972b-a4873b1674a1
128,16,8,64,128,4,64,0.0005,3.2182960510253906,True,Completed,0.6767357329004688,logs/3DVit_e100_gmwm_sv128_b6e0ca62-0920-418a-bc3f-cfe8f28e82ef
128,16,16,32,16,16,32,0.0005,1.2380714416503906,True,Completed,0.6785292068594379,logs/3DVit_e100_gmwm_sv128_3974f005-2079-4a04-bdee-1b9e151de93e
128,16,8,256,8,64,256,0.0005,21.65481948852539,True,Completed,0.677644744515419,logs/3DVit_e100_gmwm_sv128_b24017e5-80cb-4bd7-a95e-1c4d39449f6e
128,16,4,16,64,4,16,0.0005,0.3851661682128906,True,Completed,0.6755303246410271,logs/3DVit_e100_gmwm_sv128_362a9881-6253-4a93-972b-a4873b1674a1
128,16,8,64,128,4,64,0.0005,3.2182960510253906,True,Completed,0.6769882119015643,logs/3DVit_e100_gmwm_sv128_b6e0ca62-0920-418a-bc3f-cfe8f28e82ef
128,16,8,256,8,64,256,0.0005,21.65481948852539,True,Completed,0.6770305900197278,logs/3DVit_e100_gmwm_sv128_b24017e5-80cb-4bd7-a95e-1c4d39449f6e
128,16,16,32,16,16,32,0.0005,1.2380714416503906,True,Completed,0.6754176185319297,logs/3DVit_e100_gmwm_sv128_3974f005-2079-4a04-bdee-1b9e151de93e
128,16,4,16,64,4,16,0.0005,0.3851661682128906,True,Completed,0.6753746796595422,logs/3DVit_e100_gmwm_sv128_362a9881-6253-4a93-972b-a4873b1674a1
128,16,8,64,128,4,64,0.0005,3.2182960510253906,True,Completed,0.6770574474021009,logs/3DVit_e100_gmwm_sv128_b6e0ca62-0920-418a-bc3f-cfe8f28e82ef
128,16,8,256,8,64,256,0.0005,21.65481948852539,True,Completed,0.6763365770641127,logs/3DVit_e100_gmwm_sv128_b24017e5-80cb-4bd7-a95e-1c4d39449f6e
128,16,4,16,64,4,16,0.0005,0.3851661682128906,True,Completed,0.6743452164687612,logs/3DVit_e100_gmwm_sv128_362a9881-6253-4a93-972b-a4873b1674a1
128,16,16,32,16,16,32,0.0005,1.2380714416503906,True,Completed,0.6774192083823054,logs/3DVit_e100_gmwm_sv128_3974f005-2079-4a04-bdee-1b9e151de93e
128,16,8,64,128,4,64,0.0005,3.2182960510253906,True,Completed,0.6749561240798552,logs/3DVit_e100_gmwm_sv128_b6e0ca62-0920-418a-bc3f-cfe8f28e82ef
128,16,8,256,8,64,256,0.0005,21.65481948852539,True,Completed,0.676185941225604,logs/3DVit_e100_gmwm_sv128_b24017e5-80cb-4bd7-a95e-1c4d39449f6e
128,16,16,32,16,16,32,0.0005,1.2380714416503906,True,Completed,0.6755542676699788,logs/3DVit_e100_gmwm_sv128_3974f005-2079-4a04-bdee-1b9e151de93e
128,16,4,16,64,4,16,0.0005,0.3851661682128906,True,Completed,0.674598473467325,logs/3DVit_e100_gmwm_sv128_362a9881-6253-4a93-972b-a4873b1674a1
128,16,8,256,8,64,256,0.0005,21.65481948852539,True,Completed,0.6762729098922329,logs/3DVit_e100_gmwm_sv128_b24017e5-80cb-4bd7-a95e-1c4d39449f6e
128,16,8,64,128,4,64,0.0005,3.2182960510253906,True,Completed,0.6768712330805627,logs/3DVit_e100_gmwm_sv128_b6e0ca62-0920-418a-bc3f-cfe8f28e82ef
128,16,4,16,64,4,16,0.0005,0.3851661682128906,True,Completed,0.6744663480081057,logs/3DVit_e100_gmwm_sv128_362a9881-6253-4a93-972b-a4873b1674a1
128,16,16,32,16,16,32,0.0005,1.2380714416503906,True,Completed,0.6772848061825097,logs/3DVit_e100_gmwm_sv128_3974f005-2079-4a04-bdee-1b9e151de93e
128,16,8,64,128,4,64,0.0005,3.2182960510253906,True,Completed,0.6762916312405939,logs/3DVit_e100_gmwm_sv128_b6e0ca62-0920-418a-bc3f-cfe8f28e82ef
128,16,16,32,16,16,32,0.0005,1.2380714416503906,True,Completed,0.6748088386497998,logs/3DVit_e100_gmwm_sv128_3974f005-2079-4a04-bdee-1b9e151de93e
128,16,8,64,128,4,64,0.0005,3.2182960510253906,True,Completed,0.6759811569201319,logs/3DVit_e100_gmwm_sv128_b6e0ca62-0920-418a-bc3f-cfe8f28e82ef
128,16,16,32,16,16,32,0.0005,1.2380714416503906,True,Completed,0.6768538410726349,logs/3DVit_e100_gmwm_sv128_3974f005-2079-4a04-bdee-1b9e151de93e
128,16,8,64,128,4,64,0.0005,3.2182960510253906,True,Completed,0.6759322842485026,logs/3DVit_e100_gmwm_sv128_b6e0ca62-0920-418a-bc3f-cfe8f28e82ef
128,16,16,32,16,16,32,0.0005,1.2380714416503906,True,Completed,0.6775175897698655,logs/3DVit_e100_gmwm_sv128_3974f005-2079-4a04-bdee-1b9e151de93e
128,16,8,64,128,4,64,0.0005,3.2182960510253906,True,Completed,0.6762207966101794,logs/3DVit_e100_gmwm_sv128_b6e0ca62-0920-418a-bc3f-cfe8f28e82ef
128,16,16,32,16,16,32,0.0005,1.2380714416503906,True,Completed,0.6769505025524842,logs/3DVit_e100_gmwm_sv128_3974f005-2079-4a04-bdee-1b9e151de93e
128,16,16,32,16,16,32,0.0005,1.2380714416503906,True,Completed,0.6785035054934655,logs/3DVit_e100_gmwm_sv128_3974f005-2079-4a04-bdee-1b9e151de93e
128,16,16,32,16,16,32,0.0005,1.2380714416503906,True,Completed,0.6782141610195761,logs/3DVit_e100_gmwm_sv128_3974f005-2079-4a04-bdee-1b9e151de93e
128,16,16,32,16,16,32,0.0005,1.2380714416503906,True,Completed,0.6764602488593053,logs/3DVit_e100_gmwm_sv128_3974f005-2079-4a04-bdee-1b9e151de93e
128,16,16,32,16,16,32,0.0005,1.2380714416503906,True,Completed,0.6767593308498988,logs/3DVit_e100_gmwm_sv128_3974f005-2079-4a04-bdee-1b9e151de93e
128,16,16,32,16,16,32,0.0005,1.2380714416503906,True,Completed,0.6773809814139415,logs/3DVit_e100_gmwm_sv128_3974f005-2079-4a04-bdee-1b9e151de93e
128,16,16,32,16,16,32,0.0005,1.2380714416503906,True,Completed,0.6776024385502465,logs/3DVit_e100_gmwm_sv128_3974f005-2079-4a04-bdee-1b9e151de93e
128,16,16,32,16,16,32,0.0005,1.2380714416503906,True,Completed,0.6754163323264374,logs/3DVit_e100_gmwm_sv128_3974f005-2079-4a04-bdee-1b9e151de93e
128,16,16,32,16,16,32,0.0005,1.2380714416503906,True,Completed,0.6776417399707596,logs/3DVit_e100_gmwm_sv128_3974f005-2079-4a04-bdee-1b9e151de93e
128,16,16,32,16,16,32,0.0005,1.2380714416503906,True,Completed,0.6772198355511614,logs/3DVit_e100_gmwm_sv128_3974f005-2079-4a04-bdee-1b9e151de93e
128,16,16,32,16,16,32,0.0005,1.2380714416503906,True,Completed,0.6764324189800967,logs/3DVit_e100_gmwm_sv128_3974f005-2079-4a04-bdee-1b9e151de93e
128,16,16,32,16,16,32,0.0005,1.2380714416503906,True,Completed,0.676542179364907,logs/3DVit_e100_gmwm_sv128_3974f005-2079-4a04-bdee-1b9e151de93e
128,16,16,32,16,16,32,0.0005,1.2380714416503906,True,Completed,0.6766878782134306,logs/3DVit_e100_gmwm_sv128_3974f005-2079-4a04-bdee-1b9e151de93e
